gene,cdna_position,transcript,position
TOR1AIP1,c.740-2A>C,NM_015602.4,chr1:179903964
TOR1AIP1,c.437T>C,NM_015602.4,chr1:179882939
COLQ,c.1338C>G,NM_005677.4,chr3:15451674
COL4A6,c.3068G>A,NM_033641.4,chrX:108174510
SYNE2,c.15876G>A,NM_182914.3,chr14:64158708
KIF1B,c.4066C>T,NM_001365951.3,chr1:10360939
CAPN3,c.2288A>G,NM_000070.3,chr15:42410908
SGCA,c.292C>T,NM_000023.4,chr17:50167716
SGCA,c.429C>G,NM_000023.4,chr17:50168417
DMD,c.4582C>T,NM_004006.3,chrX:32386402
LMNA,c.781_783del,NM_170707.4,chr1:156134942
DMD,c.5872G>T,NM_004006.3,chrX:32342150
DMD,c.10447del,NM_004006.3,chrX:31169548
CADM3,c.1000G>T,NM_001127173.3,chr1:159199798
COLQ,c.1074+1G>A,NM_005677.4,chr3:15456459
VAPB,c.572A>C,NM_004738.5,chr20:58441082
GNE,,NM_005476.7,chr9:36218225
CAPN3,c.1536G>C,NM_000070.3,chr15:42402135
CAPN3,c.2305C>T,NM_000070.3,chr15:42410925
CENPF,c.7288del,NM_016343.4,chr1:214646857
HOXB2,c.484T>C,NM_002145.4,chr17:48543655
ACTN2,c.1368C>A?,NM_001103.4,chr1:236744738
ACTN3,c.1810A>G?,NM_001103.4,chr1:236751623
TTN,c.3780T>A,NM_001267550.2,chr2:178779412
PAX7,c.1004A>G,NM_001135254.2,chr1:18703145
CAPN3,c.258dup,NM_000070.3,chr15:42360062
SGCA,c.403C>A,NM_000023.4,chr17:50168391
GNE,c.1891G>,NM_005476.7,chr9:36218225
GNE,c.1795G>T,NM_005476.7,chr9:36219859
SGCG,c.579-1G>A,NM_000231.3,chr13:23320636
SPTLC1,c.62C>T,NM_006415.4,chr9:92112558
CAPN3,c.1702dup,NM_000070.3,chr15:42402954
CAPN3,c.2235C>A,NM_000070.3,chr15:42410638
CAPN3,c.2387T>C,NM_000070.3,chr15:42411293
POMGNT1,c.938A>G,NM_017739.4,chr1:46193867
POMGNT1,c.98G>A,NM_017739.4,chr1:46197724
DYSF,c.2697+1G>A,NM_001130987.2,chr2:71568083
CAPN3,c.729dup,NM_000070.3,chr15:42389023
GFPT1,c.331C>T,NM_001244710.2,chr2:69363563
DMD,c.1238C>G,NM_004006.3,chrX:32644225
COL6A2,c.2948A>T,NM_001849.4,chr21:46132440
CLCN1,c.950G>A,NM_000083.3,chr7:143330868
TRAPPC11,c.1512C>G,NM_021942.6,chr4:183684786
LAMC2,c.1469G>C,NM_005562.3,chr1:183228374
INTS6L,c.2476G>C,NM_001351601.3,chrX:135580144
CAPN3,c.1064G>A,NM_000070.3,chr15:42394290
COL6A3,c.6966+1G>A,NM_004369.4,chr2:237348348
DYSF,c.5768G>A,NM_001130987.2,chr2:71669730
DMD,c.2950-1G>A,NM_004006.3,chrX:32468711
CAPN3,c.2306G>T,NM_000070.3,chr15:42410926
PNPLA8,c.2120T>G,NM_001256007.3,chr7:108472630
CAPN3,c.1469G>A,NM_000070.3,chr15:42401755
LAMC3,c.1208G>A,NM_006059.4,chr9:131039173
SGCE,c.45G>A,NM_003919.3,chr7:94656054
FBN2,c.6757G>C,NM_001999.4,chr5:128288438
CAPN3,c.250del,NM_000070.3,chr15:42360054
GCDH,c.1261G>A,NM_000159.4,chr19:12899485
FLNC,c.5724C>A,NM_001458.5,chr7:128851510
DMD,c.2866C>T,NM_004006.3,chrX:32490364
TK2,c.173A>G,NM_004614.5,chr16:66541937
REM1,c.613G>T,NM_014012.6,chr20:31482476
JAG2,c.1107C>T,NM_002226.5,chr14:105151672
JAG2,c.2515G>A,NM_002226.5,chr14:105146689
FLNC,c.2180G>A,NM_001458.5,chr7:128842289
FLNC,c.1205C>T,NM_001458.5,chr7:128838424
CACNA1S,c.1361A>C,NM_000069.3,chr1:201083194
WIPI1,c.635G>A,NM_017983.7,chr17:68434613
ERCC6L,c.1738G>A,NM_017669.4,chrX:72207029
GNE,c.1891G>A,NM_005476.7,chr9:36218225
MMAB,c.571C>T,NM_052845.4,chr12:109561053
MYH7,c.4850_4852delAGA,NM_000257.4,chr14:23416104
DMD,c.10395del,NM_004006.3,chrX:31169600
RYR1,c.12011A>G,NM_000540.3,chr19:38543874
SGCD,c.792C>A,NM_000337.6,chr5:156759309
SGCA,c.530del,NM_000023.4,chr17:50168517
PLEKHG5,c.49C>T,NM_001042663.3,chr1:6477634
KCND3,c.537C>G,NM_001378969.1,chr1:111982190
TTN,c.106679_106683del,NM_001267550.2,chr2:178529067
SGCG,c.818A>C,NM_000231.3,chr13:23324483
FKTN,c.917A>G,NM_001079802.2,chr9:105617965
FKTN,c.1268A>G,NM_001079802.2,chr9:105635146
CAPN3,c.383_386dup,NM_000070.3,chr15:42386168
RYR3,c.10331C>T,NM_001036.6,chr15:33812936
RYR3,c.9767C>T,NM_001036.6,chr15:33788395
GNE11,,NM_002067.5,chr19:3110334
AGPAT2,c.589-2A>G,NM_006412.4,chr9:136674809
CAPN3,c.1576del,NM_000070.3,chr15:42402831
HNRNPDL,c.320C>G,NM_031372.4,chr4:82429371
CAPN3,c.1525-1G>A,NM_000070.3,chr15:42402123
CAPN3,c.706G>A,NM_000070.3,chr15:42389001
DMD,c.3433-1G>A,NM_004006.3,chrX:32454833
CPT1A,c.1792C>T,NM_001876.4,chr11:68762710
CPT1A,c.1251T>C,NM_001876.4,chr11:68781872
UCN,c.200_201del,NM_003353.4,chr2:27307694
DMD,c.10477C>T,NM_004006.3,chrX:31169519
GNE,c.1745G>A,NM_005476.7,chr9:36219909
DMD,c.9829G>A,NM_004006.3,chrX:31182883
ACTA1,c.479G>C,NM_001100.4,chr1:229432407
COL6A3,c.6309+1G>A,NM_004369.4,chr2:237359361
CACNA1S,c.3011T>C,NM_000069.3,chr1:201061986
PI4KA,c.3563A>G,NM_058004.4,chr22:20742658
PI4KA,c.5821C>T,NM_058004.4,chr22:20711443
OAT,c.1180T>C,NM_000274.4,chr10:124398082
HYDIN,c.14444A>G,NM_001270974.2,chr16:70818556
SGP7,c.1645G>A,NM_003119.4,chr16:89548095
VCP,c.637C>G,NM_007126.5,chr9:35064225
SPAST,c.1565T>A,NM_014946.4,chr2:32143364
DDHD1,c.601_619del,NM_001160148.2,chr14:53152479
CACNA1G,c.2123C>G,NM_018896.5,chr17:50578386
NOTCH3,c.539C>T,NM_000435.3,chr19:15192100
EXOSC9,c.41T>C,NM_005033.3,chr4:121801465
DDHD2,c.1990C>T,NM_015214.3,chr8:38253654
TUBG1,c.898C>T,NM_001070.5,chr17:42614314
OAT,c.991C>T,NM_000274.4,chr10:124401749
MTHFR,c.1760C>G,NM_005957.5,chr1:11790891
ALS2,c.4063C>T,NM_020919.4,chr2:201711050
SPAST,c.1774del,NM_014946.4,chr2:32154412
SPG11,c.2471dup,NM_025137.4,chr15:44621907
MTHFR,c.548G>A,NM_005957.5,chr1:11800250
POLR3A,c.1819C>T,NM_007055.4,chr10:78009627
ALAD,c.100C>A,NM_000031.6,chr9:113393460
CASZ1,c.1429T>C,NM_001079843.3,chr1:10656717
GAN,c.811T>A,NM_022041.4,chr16:81356962
DYSF,c.6326A>G,NM_001130987.2,chr2:71686458
GDAP1,c.692del,NM_018972.4,chr8:74363047
KIF1A,c.1031C>T,NM_001244008.2,chr2:240774189
GJB1,c.396G>A,NM_000166.6,chrX:71224103
SCN9A,c.3842C>A,NM_001365536.1,chr2:166233422
ARHGEF10,c.1376C>T,NM_014629.4,chr8:1894508
KIF1B,c.2812G>C,NM_001365951.3,chr1:10326247
GDAP1,c.478A>G,NM_018972.4,chr8:74360304
GDAP1,c.917C>T,NM_018972.4,chr8:74364207
WNK1,c.3550_3554del,NM_213655.5,chr12:869017
FHLN1,c.61G>T,NM_001159701.2,chrX:136196863
GJB1,c.712C>T,NM_000166.6,chrX:71224419
GDAP1,c.359G>A,NM_018972.4,chr8:74360185
GDAP1,c.484+1G>A,NM_018972.4,chr8:74360311
GDAP1,c.845G>A,NM_018972.4,chr8:74364135
ARSB,c.934_939del,NM_000046.5,chr5:78885786
IDUA,c.1855C>T,NM_000203.5,chr4:1004286
IDUA,c.1113C>A,NM_000203.5,chr4:1002409
HELZ2,c.6319G>A,NM_001037335.2,chr20:63562366
MAN2B1,c.1629_1630dup,NM_000528.4,chr19:12656584
GALNS,c.251C>A,NM_000512.5,chr16:88841965
GALNS,c.184A>G,NM_000512.5,chr16:88842766
IDS,c.253G>A,NM_000202.8,chrX:149503477
IDS,c.1004A>G,NM_000202.8,chrX:149490316
ATM,c.2260C>T,NM_000051.4,chr11:108257490
ATM,c.7519_7520del,NM_000051.4,chr11:108331441
POLG,c.1837C>T,NM_002693.3,chr15:89325562
SPG7,c.596del,NM_003119.4,chr16:89524223
SPG7,c.2295C>T,NM_003119.4,chr16:89557000
SELENOP,c.95delC,NM_005410.4,chr5:42808258
HSD17B4,c.1334-3C>G,NM_000414.4,chr5:119509138
HSD17B4,c.227T>G,NM_000414.4,chr5:119474407
PITRM1,c.1928C>T,NM_014889.4,chr10:3148235
SACS,c.2224C>T,NM_014363.6,chr13:23341652
ATNX7,c.37C>G,NM_001377405.1,chr3:63912635
TPP1,c.1210G>T,NM_000391.4,chr11:6615498
CACNA1A,c.1745G>A,NM_001127222.2,chr19:13308452
CACNA1E,c.990C>G,NM_001205293.3,chr1:181651376
OFD1,c.817A>G,NM_003611.3,chrX:13746942
POLR3A,c.1771-7C>G,NM_007055.4,chr10:78009682
PPT1,c.3G>A,NM_000310.4,chr1:40097236
ATXN3,,NM_004993.6,chr14:92071053
SACS,c.5141_5144del,NM_014363.6,chr13:23338731
SACS,c.815G>A,NM_014363.6,chr13:23355797
ERCC3,c.2020A>G,NM_000122.2,chr2:127261272
SYN1,c.370A>G,NM_006950.3,chrX:47619359
AFG3L2,c.1847A>G,NM_006796.3,chr18:12340334
KIF1C,c.785dup,NM_006612.6,chr17:5003672
GALC,c.1339-2A>C,NM_000153.4,chr14:87947880
GALC,c.659G>A,NM_000153.4,chr14:87976451
EX2D,c.1568T>C,NM_001193360.2,chr14:69237850
SCN8A,c.5918A>G,NM_001330260.2,chr12:51807404
COL11A2,c.4705C>T,NM_080680.3,chr6:33165594
MYH8,c.649G>C,NM_002472.3,chr17:10415384
MESD,c.639_642del,NM_015154.3,chr15:80979281
LRP5,c.4632C>A,NM_002335.4,chr11:68448854
FBN1,c.3302A>G,NM_000138.5,chr15:48488148
SACS,c.11914C>T,NM_014363.6,chr13:23331962
SACS,c.10546C>T,NM_014363.6,chr13:23333330
ABCA12,c.7354T>C,NM_173076.3,chr2:214943007
ACVR1,c.617G>A,NM_001111067.4,chr2:157774114
BRAF,c.735A>C,NM_001374258.1,chr7:140801537
FLG,c.1826C>A,NM_002016.2,chr1:152313060
SCN10A,c.4766C>A,NM_006514.4,chr3:38698454
SCN10A,c.1433G>A,NM_006514.4,chr3:38755816
SLC4A11,c.1201G>A,NM_001174089.2,chr20:3230813
MAK,c.1600G>T,NM_001242957.3,chr6:10773106
LGR4,c.2531A>G,NM_018490.5,chr11:27368192
XPA,c.555+2T>C,NM_000380.4,chr9:97687094
NLR1,c.382-2A>G,NM_001354768.3,chr14:24081570
,c.91C>T,NM_001354768.3,chr14:24082758
ABCA12,c.2071del,NM_173076.3,chr2:215012020
ABCA12,c.1802G>A,NM_173076.3,chr2:215015644
GJA8,c.590C>T,NM_005267.5,chr1:147908545
GJA8,c.134G>C,NM_005267.5,chr1:147908089
LAMC2,c.343C>T,NM_005562.3,chr1:183215527
FGFR3,c.1138G>A,NM_000142.5,chr4:1804392
BBS4,c.332+8T>C,NM_033028.5,chr15:72715410
ATP6V0A2,c.2428G>A,NM_012463.4,chr12:123756949
NSD1,c.4641+2T>C,NM_022455.5,chr5:177248326
LAMB3,c.2914C>T,NM_000228.3,chr1:209618044
LAMB3,c.241C>T,NM_000228.3,chr1:209638591
FOXD3,c.1072_1086dup,NM_012183.3,chr1:63324129
CYP27B1,c.1294C>T,NM_000785.4,chr12:57763730
WT1,c.1283G>A,NM_024426.6,chr11:32392737
HEXA,c.140del,NM_000520.6,chr15:72375832
HEXA,c.139C>T,NM_000520.6,chr15:72375834
AIPL1,c.151G>T,NM_014336.5,chr17:6434044
DPYD,c.1681C>T,NM_000110.4,chr1:97515785
TTN,c.12476_12480del,NM_001267550.2,chr2:179605479
MYO6,c.2751dup,NM_004999.4,chr6:75890140
RYR2,c.13717C>T,NM_001035.3,chr1:237792258
PKP2,c.1142G>A,NM_001005242.3,chr12:32868955
PKP2,c.533dup,NM_001005242.3,chr12:32878346
MYBPC3,c.1188G>A,NM_000256.3,chr11:47343527
RYR2,c.9200A>T,NM_001035.3,chr1:237700300
