Name,Sequence,TM,GC_percent,ProductSize,Off_Target_Amplicons,Primer_Coords,Gene,Exon,Genomic_Position,cDNA_Position,Transcript,Build
TOR1AIP1_6F,TGGAGACGGGGTTTCACCAC,62.0,60.0,374,0,chr1:179903691-179903710,TOR1AIP1,6,chr1:179903964,c.740-2A>C,NM_015602.4,hg38
TOR1AIP1_6R,ACCAAGCTCACAGGAAGACACT,61.6,50.0,374,0,chr1:179904043-179904064,TOR1AIP1,6,chr1:179903964,c.740-2A>C,NM_015602.4,hg38
TOR1AIP1_1F,GCGCGTACTACCTTCGGTCT,62.0,60.0,492,0,chr1:179882807-179882826,TOR1AIP1,1,chr1:179882939,c.437T>C,NM_015602.4,hg38
TOR1AIP1_1R,TTCGCTGTCCCCTCGTGAAG,62.2,60.0,492,0,chr1:179883279-179883298,TOR1AIP1,1,chr1:179882939,c.437T>C,NM_015602.4,hg38
COLQ_17F,CTTCTCCTCACGGCCCTCAG,62.0,65.0,348,0,chr3:15451628-15451647,COLQ,17,chr3:15451674,c.1338C>G,NM_005677.4,hg38
COLQ_17R,CTGCATCGTAGCAAGGGGGA,62.0,60.0,348,0,chr3:15451956-15451975,COLQ,17,chr3:15451674,c.1338C>G,NM_005677.4,hg38
COL4A6_31F,GATGTCCTGGGAGAAGGGGC,62.0,65.0,370,0,chrX:108174320-108174339,COL4A6,31,chrX:108174510,c.3068G>A,NM_033641.4,hg38
COL4A6_31R,CTGCATCTTGGCAAGCTGGG,61.9,60.0,370,0,chrX:108174670-108174689,COL4A6,31,chrX:108174510,c.3068G>A,NM_033641.4,hg38
SYNE2_86F,TCCCTGGGCTGTCTCTTCCT,62.1,60.0,385,0,chr14:64158362-64158381,SYNE2,86,chr14:64158708,c.15876G>A,NM_182914.3,hg38
SYNE2_86R,GGCTTGCTGTGTTCCATGCA,61.8,55.0,385,0,chr14:64158727-64158746,SYNE2,86,chr14:64158708,c.15876G>A,NM_182914.3,hg38
KIF1B_39F,GGGAGCAAGAGGATGGGGAC,62.0,65.0,352,0,chr1:10360738-10360757,KIF1B,39,chr1:10360939,c.4066C>T,NM_001365951.3,hg38
KIF1B_39R,TTCAGGGCTGACTGTTGGCA,62.0,55.0,352,0,chr1:10361070-10361089,KIF1B,39,chr1:10360939,c.4066C>T,NM_001365951.3,hg38
CAPN3_22F,GAGCAGGAATGGGAGGGGAC,62.0,65.0,437,0,chr15:42410713-42410732,CAPN3,22,chr15:42410908,c.2288A>G,NM_000070.3,hg38
CAPN3_22R,CCCTCCCTTTGCCATCCCAT,62.0,60.0,437,0,chr15:42411130-42411149,CAPN3,22,chr15:42410908,c.2288A>G,NM_000070.3,hg38
SGCA_3F,CCTGGCTTCCTCTACGGCTC,62.0,65.0,363,0,chr17:50167680-50167699,SGCA,3,chr17:50167716,c.292C>T,NM_000023.4,hg38
SGCA_3R,GGATGGGGCACAGCTAGAGG,62.0,65.0,363,0,chr17:50168023-50168042,SGCA,3,chr17:50167716,c.292C>T,NM_000023.4,hg38
SGCA_5F,GGGGTCTGTGATGGATGGGG,62.0,65.0,394,0,chr17:50168243-50168262,SGCA,5,chr17:50168417,c.429C>G,NM_000023.4,hg38
SGCA_5R,GTTCTATGCCCGCCACAAGC,62.0,60.0,394,0,chr17:50168617-50168636,SGCA,5,chr17:50168417,c.429C>G,NM_000023.4,hg38
DMD_33F,ACACACCTTTGCTCCCAGCT,62.0,55.0,304,0,chrX:32386304-32386323,DMD,33,chrX:32386402,c.4582C>T,NM_004006.3,hg38
DMD_33R,GACCACCGCTGCAAAATGCT,62.1,55.0,304,0,chrX:32386588-32386607,DMD,33,chrX:32386402,c.4582C>T,NM_004006.3,hg38
LMNA_4F,CTCATGGAGTAGGGCTGGGC,62.0,65.0,334,0,chr1:156134704-156134723,LMNA,4,chr1:156134942,c.781_783del,NM_170707.4,hg38
LMNA_4R,CGTGGGTAAGGGTAGGGCTG,62.0,65.0,334,0,chr1:156135018-156135037,LMNA,4,chr1:156134942,c.781_783del,NM_170707.4,hg38
DMD_41F,CACATACGTGGGTTTGCCAGT,61.2,52.4,372,0,chrX:32342069-32342089,DMD,41,chrX:32342150,c.5872G>T,NM_004006.3,hg38
DMD_41R,GCGAGGATGACAGTCATGCC,61.2,60.0,372,0,chrX:32342421-32342440,DMD,41,chrX:32342150,c.5872G>T,NM_004006.3,hg38
DMD_74F,GCCTTGGAGACACATGCAACA,61.4,52.4,498,0,chrX:31169169-31169189,DMD,74,chrX:31169548,c.10447del,NM_004006.3,hg38
DMD_74R,AGTCCCTAACCCCCAAAGCA,60.8,55.0,498,0,chrX:31169647-31169666,DMD,74,chrX:31169548,c.10447del,NM_004006.3,hg38
CADM3_8F,CTCCTCCAGCACCTACCACG,61.9,65.0,306,0,chr1:159199770-159199789,CADM3,8,chr1:159199798,c.1000G>T,NM_001127173.3,hg38
CADM3_8R,TTTACTGCGGGGTTGGTGGT,62.0,55.0,306,0,chr1:159200056-159200075,CADM3,8,chr1:159199798,c.1000G>T,NM_001127173.3,hg38
COLQ_14F,CGCAGGGATGTGGAGACCAT,62.0,60.0,322,0,chr3:15456223-15456242,COLQ,14,chr3:15456459,c.1074+1G>A,NM_005677.4,hg38
COLQ_14R,GCTGAACACCCAAAACGCCA,62.0,55.0,322,0,chr3:15456525-15456544,COLQ,14,chr3:15456459,c.1074+1G>A,NM_005677.4,hg38
VAPB_5F,TCAGAGGCTACGGGAGGAGA,61.3,60.0,405,0,chr20:58441050-58441069,VAPB,5,chr20:58441082,c.572A>C,NM_004738.5,hg38
VAPB_5R,TTGGCCAGGCTGGTCTTGAA,62.0,55.0,405,0,chr20:58441435-58441454,VAPB,5,chr20:58441082,c.572A>C,NM_004738.5,hg38
GNE_11F,ACTGCAAAGCACCTGTCCCT,62.0,55.0,307,0,chr9:36218072-36218091,GNE,11,chr9:36218225,,NM_005476.7,hg38
GNE_11R,TTGCTTTCCACAGGCCCAGT,62.3,55.0,307,0,chr9:36218359-36218378,GNE,11,chr9:36218225,,NM_005476.7,hg38
CAPN3_12F,CCAGTGACCCACAGAGCTCC,62.2,65.0,444,0,chr15:42401907-42401926,CAPN3,12,chr15:42402135,c.1536G>C,NM_000070.3,hg38
CAPN3_12R,TGCGAGGGAGAAAGTGCACA,62.0,55.0,444,0,chr15:42402331-42402350,CAPN3,12,chr15:42402135,c.1536G>C,NM_000070.3,hg38
CAPN3_22F,GAGCAGGAATGGGAGGGGAC,62.0,65.0,437,0,chr15:42410713-42410732,CAPN3,22,chr15:42410925,c.2305C>T,NM_000070.3,hg38
CAPN3_22R,CCCTCCCTTTGCCATCCCAT,62.0,60.0,437,0,chr15:42411130-42411149,CAPN3,22,chr15:42410925,c.2305C>T,NM_000070.3,hg38
CENPF_13F,GCCCGCCTAGAAGCTGATGA,62.0,60.0,407,0,chr1:214646492-214646511,CENPF,13,chr1:214646857,c.7288del,NM_016343.4,hg38
CENPF_13R,AGCATCTCCATGGCAGTGCT,61.9,55.0,407,0,chr1:214646879-214646898,CENPF,13,chr1:214646857,c.7288del,NM_016343.4,hg38
HOXB2_2F,TTCGGTGAGGTCCAGCAAGG,62.1,60.0,373,0,chr17:48543587-48543606,HOXB2,2,chr17:48543655,c.484T>C,NM_002145.4,hg38
HOXB2_2R,GAATGCTTTGCCCTGACCCG,61.9,60.0,373,0,chr17:48543940-48543959,HOXB2,2,chr17:48543655,c.484T>C,NM_002145.4,hg38
ACTN2_12F,AGGATTACGAGTCGGCGTCG,62.0,60.0,416,0,chr1:236744650-236744669,ACTN2,12,chr1:236744738,c.1368C>A?,NM_001103.4,hg38
ACTN2_12R,CCATAGCTTTCTGGGCCCCA,61.9,60.0,416,0,chr1:236745046-236745065,ACTN2,12,chr1:236744738,c.1368C>A?,NM_001103.4,hg38
ACTN3_21F,GGAGAGCGGCAGTCCATCAT,62.0,60.0,327,0,chr1:236751521-236751540,ACTN3,21,chr1:236751623,c.1810A>G?,NM_001103.4,hg38
ACTN3_21R,CCCACAAACTGCAGACGCTG,62.1,60.0,327,0,chr1:236751828-236751847,ACTN3,21,chr1:236751623,c.1810A>G?,NM_001103.4,hg38
TTN_23F,AGTGACACCCATCCCCTCAA,60.5,55.0,376,0,chr2:178779265-178779284,TTN,23,chr2:178779412,c.3780T>A,NM_001267550.2,hg38
TTN_23R,TGCCACAACATTCACTGGGA,59.8,50.0,376,0,chr2:178779621-178779640,TTN,23,chr2:178779412,c.3780T>A,NM_001267550.2,hg38
PAX7_7F,TGGTCCCTTCCCTCCAAGGA,62.1,60.0,379,0,chr1:18702970-18702989,PAX7,7,chr1:18703145,c.1004A>G,NM_001135254.2,hg38
PAX7_7R,TGTCTGACTTTCGTGGCGGT,62.0,55.0,379,0,chr1:18703329-18703348,PAX7,7,chr1:18703145,c.1004A>G,NM_001135254.2,hg38
CAPN3_1F,TAGCGCATCTGTGGCTCCAA,61.9,55.0,363,0,chr15:42359820-42359839,CAPN3,1,chr15:42360062,c.258dup,NM_000070.3,hg38
CAPN3_1R,CGGAGGTGCTGAGTGAGAGG,61.9,65.0,363,0,chr15:42360163-42360182,CAPN3,1,chr15:42360062,c.258dup,NM_000070.3,hg38
SGCA_5F,GGGGTCTGTGATGGATGGGG,62.0,65.0,394,0,chr17:50168243-50168262,SGCA,5,chr17:50168391,c.403C>A,NM_000023.4,hg38
SGCA_5R,GTTCTATGCCCGCCACAAGC,62.0,60.0,394,0,chr17:50168617-50168636,SGCA,5,chr17:50168391,c.403C>A,NM_000023.4,hg38
GNE_11F,ACTGCAAAGCACCTGTCCCT,62.0,55.0,307,0,chr9:36218072-36218091,GNE,11,chr9:36218225,c.1891G>,NM_005476.7,hg38
GNE_11R,TTGCTTTCCACAGGCCCAGT,62.3,55.0,307,0,chr9:36218359-36218378,GNE,11,chr9:36218225,c.1891G>,NM_005476.7,hg38
GNE_10F,GACCTCTGTCCACCACCACC,62.1,65.0,331,0,chr9:36219624-36219643,GNE,10,chr9:36219859,c.1795G>T,NM_005476.7,hg38
GNE_10R,TGGGCCACCTTGTTGTGTCT,61.9,55.0,331,0,chr9:36219935-36219954,GNE,10,chr9:36219859,c.1795G>T,NM_005476.7,hg38
SGCG_7F,AGCCACTGCACTCTAGCCTG,61.9,60.0,411,0,chr13:23320254-23320273,SGCG,7,chr13:23320636,c.579-1G>A,NM_000231.3,hg38
SGCG_7R,GCTTAGACTCCGAGTGGGGG,61.7,65.0,411,0,chr13:23320645-23320664,SGCG,7,chr13:23320636,c.579-1G>A,NM_000231.3,hg38
SPTLC1_2F,TGGTTGAGCCACCACAAATCC,61.1,52.4,481,0,chr9:92112368-92112388,SPTLC1,2,chr9:92112558,c.62C>T,NM_006415.4,hg38
SPTLC1_2R,AGTATGAGCCACCACGCCTG,62.2,60.0,481,0,chr9:92112829-92112848,SPTLC1,2,chr9:92112558,c.62C>T,NM_006415.4,hg38
CAPN3_13F,GAAGGGACCCTTGGAGGTGG,61.9,65.0,371,0,chr15:42402710-42402729,CAPN3,13,chr15:42402954,c.1702dup,NM_000070.3,hg38
CAPN3_13R,GCTGCCTCATGCCTTCAACC,61.9,60.0,371,0,chr15:42403061-42403080,CAPN3,13,chr15:42402954,c.1702dup,NM_000070.3,hg38
CAPN3_21F,TAGCCCTGACCTCCCTCCTC,62.0,65.0,328,0,chr15:42410405-42410424,CAPN3,21,chr15:42410638,c.2235C>A,NM_000070.3,hg38
CAPN3_21R,GTCCCCTCCCATTCCTGCTC,62.0,65.0,328,0,chr15:42410713-42410732,CAPN3,21,chr15:42410638,c.2235C>A,NM_000070.3,hg38
CAPN3_23F,ATGGGATGGCAAAGGGAGGG,62.0,60.0,363,0,chr15:42411130-42411149,CAPN3,23,chr15:42411293,c.2387T>C,NM_000070.3,hg38
CAPN3_23R,GCTGAGCCTCCCTCCATGTT,61.9,60.0,363,0,chr15:42411473-42411492,CAPN3,23,chr15:42411293,c.2387T>C,NM_000070.3,hg38
POMGNT1_10F,TGTGTTTACAGCTGGGCCCA,62.0,55.0,445,0,chr1:46193697-46193716,POMGNT1,10,chr1:46193867,c.938A>G,NM_017739.4,hg38
POMGNT1_10R,TGAAAGACAGGGCTGGGGTG,62.1,60.0,445,0,chr1:46194122-46194141,POMGNT1,10,chr1:46193867,c.938A>G,NM_017739.4,hg38
POMGNT1_2F,CTCTAGGAACCTGCTGCCCC,62.0,65.0,371,0,chr1:46197580-46197599,POMGNT1,2,chr1:46197724,c.98G>A,NM_017739.4,hg38
POMGNT1_2R,AGGTCCTCCCTCATCTCCCC,62.0,65.0,371,0,chr1:46197931-46197950,POMGNT1,2,chr1:46197724,c.98G>A,NM_017739.4,hg38
DYSF_25F,TCTGGTAAGCGCTCCCACAG,61.9,60.0,462,0,chr2:71567804-71567823,DYSF,25,chr2:71568083,c.2697+1G>A,NM_001130987.2,hg38
DYSF_25R,GCTTGATCTTGCCCGTGACG,62.0,60.0,462,0,chr2:71568246-71568265,DYSF,25,chr2:71568083,c.2697+1G>A,NM_001130987.2,hg38
CAPN3_5F,TGTGGTCTTGGGTGGGTCAC,62.0,60.0,431,0,chr15:42388713-42388732,CAPN3,5,chr15:42389023,c.729dup,NM_000070.3,hg38
CAPN3_5R,CCTGACACTTGGAGCTCCCC,62.2,65.0,431,0,chr15:42389124-42389143,CAPN3,5,chr15:42389023,c.729dup,NM_000070.3,hg38
GFPT1_4F,TGAGCCAGCACTCTCAGCTC,61.9,60.0,462,0,chr2:69363385-69363404,GFPT1,4,chr2:69363563,c.331C>T,NM_001244710.2,hg38
GFPT1_4R,CACTGCACCCTGCCTCCTAA,61.8,60.0,462,0,chr2:69363827-69363846,GFPT1,4,chr2:69363563,c.331C>T,NM_001244710.2,hg38
DMD_11F,GCTACCCTGAGGCATTCCCA,61.6,60.0,434,0,chrX:32644153-32644172,DMD,11,chrX:32644225,c.1238C>G,NM_004006.3,hg38
DMD_11R,CCTTGCGGAACTTCCTGGGA,62.1,60.0,434,0,chrX:32644567-32644586,DMD,11,chrX:32644225,c.1238C>G,NM_004006.3,hg38
COL6A2_28F,TGCACGCCATCAATGCCATC,62.0,55.0,430,0,chr21:46132257-46132276,COL6A2,28,chr21:46132440,c.2948A>T,NM_001849.4,hg38
COL6A2_28R,GAGGAGCTGGAGAGGTGCAG,62.0,65.0,430,0,chr21:46132667-46132686,COL6A2,28,chr21:46132440,c.2948A>T,NM_001849.4,hg38
CLCN1_8F,AGCCTGAGCAGTTGTGTGGT,62.0,55.0,421,0,chr7:143330598-143330617,CLCN1,8,chr7:143330868,c.950G>A,NM_000083.3,hg38
CLCN1_8R,CCACCCCACAAATGATGCCG,61.9,60.0,421,0,chr7:143330999-143331018,CLCN1,8,chr7:143330868,c.950G>A,NM_000083.3,hg38
TRAPPC11_15F,ACCCTTTCTTGTGAAGCCGGT,62.2,52.4,469,0,chr4:183684648-183684668,TRAPPC11,15,chr4:183684786,c.1512C>G,NM_021942.6,hg38
TRAPPC11_15R,TCCGAGACTTCTGGTCATCT,57.5,50.0,469,0,chr4:183685097-183685116,TRAPPC11,15,chr4:183684786,c.1512C>G,NM_021942.6,hg38
LAMC2_11F,CGCAACTTTAGGCCTCTGCG,62.0,60.0,374,0,chr1:183228298-183228317,LAMC2,11,chr1:183228374,c.1469G>C,NM_005562.3,hg38
LAMC2_11R,GCATACGTACACAGGCACGC,62.0,60.0,374,0,chr1:183228652-183228671,LAMC2,11,chr1:183228374,c.1469G>C,NM_005562.3,hg38
INTS6L_16F,TCACGATGGCCATGAGGAGA,60.7,55.0,462,0,chrX:135579801-135579820,INTS6L,16,chrX:135580144,c.2476G>C,NM_001351601.3,hg38
INTS6L_16R,GCCCCCAGTGTACCTCAAGG,62.2,65.0,462,0,chrX:135580243-135580262,INTS6L,16,chrX:135580144,c.2476G>C,NM_001351601.3,hg38
CAPN3_8F,GCCATTCCCCAGCACACTTG,61.9,60.0,413,0,chr15:42394093-42394112,CAPN3,8,chr15:42394290,c.1064G>A,NM_000070.3,hg38
CAPN3_8R,TTCCCTGGAGCCAACACCTG,62.1,60.0,413,0,chr15:42394486-42394505,CAPN3,8,chr15:42394290,c.1064G>A,NM_000070.3,hg38
COL6A3_30F,GATGCTTCACCGACCAGGGA,61.9,60.0,321,0,chr2:237348321-237348340,COL6A3,30,chr2:237348348,c.6966+1G>A,NM_004369.4,hg38
COL6A3_30R,TTGGCAGTGAAGGACGCAGA,62.0,55.0,321,0,chr2:237348622-237348641,COL6A3,30,chr2:237348348,c.6966+1G>A,NM_004369.4,hg38
DYSF_51F,CCCCTTCGACTACCTGCCAG,62.0,65.0,344,0,chr2:71669698-71669717,DYSF,51,chr2:71669730,c.5768G>A,NM_001130987.2,hg38
DYSF_51R,TTGGCAGTGAGGAGGCAACA,62.0,55.0,344,0,chr2:71670022-71670041,DYSF,51,chr2:71669730,c.5768G>A,NM_001130987.2,hg38
CAPN3_22F,GAGCAGGAATGGGAGGGGAC,62.0,65.0,437,0,chr15:42410713-42410732,CAPN3,22,chr15:42410926,c.2306G>T,NM_000070.3,hg38
CAPN3_22R,CCCTCCCTTTGCCATCCCAT,62.0,60.0,437,0,chr15:42411130-42411149,CAPN3,22,chr15:42410926,c.2306G>T,NM_000070.3,hg38
PNPLA8_11F,AGCTGGTTGAAGCACCGTCT,62.0,55.0,402,0,chr7:108472255-108472274,PNPLA8,11,chr7:108472630,c.2120T>G,NM_001256007.3,hg38
PNPLA8_11R,TGGCCTGTTACCTCCTGACAC,61.7,57.1,402,0,chr7:108472636-108472656,PNPLA8,11,chr7:108472630,c.2120T>G,NM_001256007.3,hg38
CAPN3_11F,CATCCCCTTCCTGCCCTCTG,62.0,65.0,346,0,chr15:42401580-42401599,CAPN3,11,chr15:42401755,c.1469G>A,NM_000070.3,hg38
CAPN3_11R,GAGCTCTGTGGGTCACTGGG,62.2,65.0,346,0,chr15:42401906-42401925,CAPN3,11,chr15:42401755,c.1469G>A,NM_000070.3,hg38
LAMC3_6F,GACTCCACATCCCCAGCCTC,62.0,65.0,492,0,chr9:131039060-131039079,LAMC3,6,chr9:131039173,c.1208G>A,NM_006059.4,hg38
LAMC3_6R,CCACCCCACCTCAAACACCT,62.0,60.0,492,0,chr9:131039532-131039551,LAMC3,6,chr9:131039173,c.1208G>A,NM_006059.4,hg38
SGCE_1F,GCCTGGGGAGAGAGAAGCTG,62.0,65.0,349,0,chr7:94655798-94655817,SGCE,1,chr7:94656054,c.45G>A,NM_003919.3,hg38
SGCE_1R,AGGGAGGGGAGGGGAGAATC,62.0,65.0,349,0,chr7:94656127-94656146,SGCE,1,chr7:94656054,c.45G>A,NM_003919.3,hg38
FBN2_53F,GCCAACCCTGAGATGACCCA,61.9,60.0,452,0,chr5:128288202-128288221,FBN2,53,chr5:128288438,c.6757G>C,NM_001999.4,hg38
FBN2_53R,TCCTGGAAATGGGTGAGGGC,61.9,60.0,452,0,chr5:128288634-128288653,FBN2,53,chr5:128288438,c.6757G>C,NM_001999.4,hg38
CAPN3_1F,TAGCGCATCTGTGGCTCCAA,61.9,55.0,363,0,chr15:42359820-42359839,CAPN3,1,chr15:42360054,c.250del,NM_000070.3,hg38
CAPN3_1R,CGGAGGTGCTGAGTGAGAGG,61.9,65.0,363,0,chr15:42360163-42360182,CAPN3,1,chr15:42360054,c.250del,NM_000070.3,hg38
GCDH_12F,GCAGTGGCCTGGGGATACAT,62.0,60.0,472,0,chr19:12899378-12899397,GCDH,12,chr19:12899485,c.1261G>A,NM_000159.4,hg38
GCDH_12R,GCAGCAGACGGAGTTGCTTC,61.9,60.0,472,0,chr19:12899830-12899849,GCDH,12,chr19:12899485,c.1261G>A,NM_000159.4,hg38
FLNC_35F,GTGGATGCCATCAACAGCCG,62.0,60.0,301,0,chr7:128851252-128851271,FLNC,35,chr7:128851510,c.5724C>A,NM_001458.5,hg38
FLNC_35R,CGCAGTCGGCAGATAGGACA,62.0,60.0,301,0,chr7:128851533-128851552,FLNC,35,chr7:128851510,c.5724C>A,NM_001458.5,hg38
DMD_20F,TCTCATTCCCCGCGAAAAGC,61.0,55.0,352,0,chrX:32490282-32490301,DMD,20,chrX:32490364,c.2866C>T,NM_004006.3,hg38
DMD_20R,AGCATGGCCGGCTTAAGGAA,62.2,55.0,352,0,chrX:32490614-32490633,DMD,20,chrX:32490364,c.2866C>T,NM_004006.3,hg38
TK2_3F,GGCTCAAGCAATCCACCTGC,61.9,60.0,463,0,chr16:66541646-66541665,TK2,3,chr16:66541937,c.173A>G,NM_004614.5,hg38
TK2_3R,TTGCCAGTTTCCCGAGGAGG,62.1,60.0,463,0,chr16:66542089-66542108,TK2,3,chr16:66541937,c.173A>G,NM_004614.5,hg38
REM1_4F,GAGAGTGCCTCTGAGCTCCG,62.0,65.0,312,0,chr20:31482371-31482390,REM1,4,chr20:31482476,c.613G>T,NM_014012.6,hg38
REM1_4R,GCCTGACAGGATCTGGGGAC,62.0,65.0,312,0,chr20:31482663-31482682,REM1,4,chr20:31482476,c.613G>T,NM_014012.6,hg38
JAG2_8F,ACGGGTTCGAAGCACACTCA,62.0,55.0,440,0,chr14:105151370-105151389,JAG2,8,chr14:105151672,c.1107C>T,NM_002226.5,hg38
JAG2_8R,TTGGGGAGGAGTGCTTGTGG,62.1,60.0,440,0,chr14:105151790-105151809,JAG2,8,chr14:105151672,c.1107C>T,NM_002226.5,hg38
JAG2_21F,CCCGCCTCCTGATCTCACAG,62.0,65.0,422,0,chr14:105146302-105146321,JAG2,21,chr14:105146689,c.2515G>A,NM_002226.5,hg38
JAG2_21R,CATCGACGAGTGCCAGTCCT,61.9,60.0,422,0,chr14:105146704-105146723,JAG2,21,chr14:105146689,c.2515G>A,NM_002226.5,hg38
FLNC_14F,GTGTTGGGGGTGGGAAAGGA,62.0,60.0,330,0,chr7:128842131-128842150,FLNC,14,chr7:128842289,c.2180G>A,NM_001458.5,hg38
FLNC_14R,CCAGGGACAACAGGGACTCC,61.8,65.0,330,0,chr7:128842441-128842460,FLNC,14,chr7:128842289,c.2180G>A,NM_001458.5,hg38
FLNC_7F,AGGTGACCGTGCTCTTTGCT,62.0,55.0,323,0,chr7:128838265-128838284,FLNC,7,chr7:128838424,c.1205C>T,NM_001458.5,hg38
FLNC_7R,GCTGTCAGCACCACTCTGGA,62.1,60.0,323,0,chr7:128838568-128838587,FLNC,7,chr7:128838424,c.1205C>T,NM_001458.5,hg38
CACNA1S_10F,CCCCCGTGAAAGGAGCTGAT,61.9,60.0,324,0,chr1:201082982-201083001,CACNA1S,10,chr1:201083194,c.1361A>C,NM_000069.3,hg38
CACNA1S_10R,GGAACCGCATCTTTCGCTGG,62.0,60.0,324,0,chr1:201083286-201083305,CACNA1S,10,chr1:201083194,c.1361A>C,NM_000069.3,hg38
WIPI1_7F,GGGACTTCTGCGGGGACTTT,62.1,60.0,423,0,chr17:68434509-68434528,WIPI1,7,chr17:68434613,c.635G>A,NM_017983.7,hg38
WIPI1_7R,CCACACCCGGCCTCAAATTG,61.9,60.0,423,0,chr17:68434912-68434931,WIPI1,7,chr17:68434613,c.635G>A,NM_017983.7,hg38
ERCC6L_2F,CCCAAAGACTGCAGGTAGGC,60.7,60.0,339,0,chrX:72206767-72206786,ERCC6L,2,chrX:72207029,c.1738G>A,NM_017669.4,hg38
ERCC6L_2R,TGACCCTAGCTGGAATCCTGC,61.6,57.1,339,0,chrX:72207085-72207105,ERCC6L,2,chrX:72207029,c.1738G>A,NM_017669.4,hg38
GNE_11F,ACTGCAAAGCACCTGTCCCT,62.0,55.0,307,0,chr9:36218072-36218091,GNE,11,chr9:36218225,c.1891G>A,NM_005476.7,hg38
GNE_11R,TTGCTTTCCACAGGCCCAGT,62.3,55.0,307,0,chr9:36218359-36218378,GNE,11,chr9:36218225,c.1891G>A,NM_005476.7,hg38
MMAB_7F,TCTCCCTCTCCCCATCTCCG,62.0,65.0,450,0,chr12:109560938-109560957,MMAB,7,chr12:109561053,c.571C>T,NM_052845.4,hg38
MMAB_7R,TGCAGGCAGGTTCAGTGACA,62.0,55.0,450,0,chr12:109561368-109561387,MMAB,7,chr12:109561053,c.571C>T,NM_052845.4,hg38
MYH7_34F,CCCTGCAGTAACCTAGGGGC,62.0,65.0,348,0,chr14:23415906-23415925,MYH7,34,chr14:23416104,c.4850_4852delAGA,NM_000257.4,hg38
MYH7_34R,CAAGGCAGAGATCGAGCGGA,62.0,60.0,348,0,chr14:23416234-23416253,MYH7,34,chr14:23416104,c.4850_4852delAGA,NM_000257.4,hg38
DMD_74F,GACTACGAGGCTGGCTCAGG,62.0,65.0,443,0,chrX:31169525-31169544,DMD,74,chrX:31169600,c.10395del,NM_004006.3,hg38
DMD_74R,ATCTTGACAGGCTTGGTGGC,60.6,55.0,443,0,chrX:31169948-31169967,DMD,74,chrX:31169600,c.10395del,NM_004006.3,hg38
RYR1_87F,GATTCCTGCACGTGTTCGCC,62.2,60.0,397,0,chr19:38543832-38543851,RYR1,87,chr19:38543874,c.12011A>G,NM_000540.3,hg38
RYR1_87R,AAACCAGCCCCATCCTAGCC,61.9,60.0,397,0,chr19:38544209-38544228,RYR1,87,chr19:38543874,c.12011A>G,NM_000540.3,hg38
SGCD_9F,ACACGCCTACAGGAACGAGG,61.9,60.0,421,0,chr5:156759269-156759288,SGCD,9,chr5:156759309,c.792C>A,NM_000337.6,hg38
SGCD_9R,CTGTCACTCAGGTGGTGGGG,62.1,65.0,421,0,chr5:156759670-156759689,SGCD,9,chr5:156759309,c.792C>A,NM_000337.6,hg38
SGCA_5F,GGGGTCTGTGATGGATGGGG,62.0,65.0,394,0,chr17:50168243-50168262,SGCA,5,chr17:50168517,c.530del,NM_000023.4,hg38
SGCA_5R,GTTCTATGCCCGCCACAAGC,62.0,60.0,394,0,chr17:50168617-50168636,SGCA,5,chr17:50168517,c.530del,NM_000023.4,hg38
PLEKHG5_2F,GGGGGAGGTGAGAACCAGTG,61.8,65.0,497,0,chr1:6477286-6477305,PLEKHG5,2,chr1:6477634,c.49C>T,NM_001042663.3,hg38
PLEKHG5_2R,GCGTCTCCTCACCCTGGATC,62.0,65.0,497,0,chr1:6477763-6477782,PLEKHG5,2,chr1:6477634,c.49C>T,NM_001042663.3,hg38
KCND3_2F,ATGGCCACCACGTCGATGAT,62.0,55.0,415,0,chr1:111981927-111981946,KCND3,2,chr1:111982190,c.537C>G,NM_001378969.1,hg38
KCND3_2R,GGGACTGCTGCTACGAGGAG,62.0,65.0,415,0,chr1:111982322-111982341,KCND3,2,chr1:111982190,c.537C>G,NM_001378969.1,hg38
TTN_360F,GATCGCTGCCTGAGACACCA,62.2,60.0,358,0,chr2:178528773-178528792,TTN,360,chr2:178529067,c.106679_106683del,NM_001267550.2,hg38
TTN_360R,TCCCAAAAAGCCCTAAGGTCTGA,61.5,47.8,358,0,chr2:178529108-178529130,TTN,360,chr2:178529067,c.106679_106683del,NM_001267550.2,hg38
SGCG_8F,TTGTGAAGTCCCAGCCTGCA,62.0,55.0,438,0,chr13:23324166-23324185,SGCG,8,chr13:23324483,c.818A>C,NM_000231.3,hg38
SGCG_8R,GCTCCCTGGGTGTGAGGATC,62.0,65.0,438,0,chr13:23324584-23324603,SGCG,8,chr13:23324483,c.818A>C,NM_000231.3,hg38
FKTN_9F,ACTCAAGAGGCCAAGGCAGG,62.1,60.0,300,0,chr9:105617776-105617795,FKTN,9,chr9:105617965,c.917A>G,NM_001079802.2,hg38
FKTN_9R,TGAGCGGAAGTCCTGCATCC,62.2,60.0,300,0,chr9:105618056-105618075,FKTN,9,chr9:105617965,c.917A>G,NM_001079802.2,hg38
FKTN_11F,GTGATGGGGTCAGCCTCTCC,62.0,65.0,379,0,chr9:105634826-105634845,FKTN,11,chr9:105635146,c.1268A>G,NM_001079802.2,hg38
FKTN_11R,ATTGGGAGGAGAGCGCTTCC,62.0,60.0,379,0,chr9:105635185-105635204,FKTN,11,chr9:105635146,c.1268A>G,NM_001079802.2,hg38
CAPN3_3F,CAGGGCAGGGCAGATTTCCT,62.2,60.0,393,0,chr15:42385802-42385821,CAPN3,3,chr15:42386168,c.383_386dup,NM_000070.3,hg38
CAPN3_3R,GCAATGGCTGCGAGAAACCA,61.9,55.0,393,0,chr15:42386175-42386194,CAPN3,3,chr15:42386168,c.383_386dup,NM_000070.3,hg38
RYR3_73F,TCAGTCTGATGACCCAGCTGT,60.8,52.4,343,0,chr15:33812859-33812879,RYR3,73,chr15:33812936,c.10331C>T,NM_001036.6,hg38
RYR3_73R,TGCACAAAACACTGGCAGGG,61.7,55.0,343,0,chr15:33813182-33813201,RYR3,73,chr15:33812936,c.10331C>T,NM_001036.6,hg38
RYR3_67F,GAAGGGAACAAGGGGCAGGT,62.1,60.0,402,0,chr15:33788090-33788109,RYR3,67,chr15:33788395,c.9767C>T,NM_001036.6,hg38
RYR3_67R,GGGCAGACAGGCTCCTAGTG,62.0,65.0,402,0,chr15:33788472-33788491,RYR3,67,chr15:33788395,c.9767C>T,NM_001036.6,hg38
GNE11_1F,CGGCAGGGTCTGGGTAAGAG,62.0,65.0,479,0,chr19:3110067-3110086,GNE11,?,chr19:3110334,,NM_002067.5,hg38
GNE11_1R,CCACGCAATGCCCATCACAA,61.9,55.0,479,0,chr19:3110526-3110545,GNE11,?,chr19:3110334,,NM_002067.5,hg38
AGPAT2_5F,CATTCGCCACATGGTCACCG,62.0,60.0,468,0,chr9:136674604-136674623,AGPAT2,5,chr9:136674809,c.589-2A>G,NM_006412.4,hg38
AGPAT2_5R,TGAACCAGGCAAACACGTGC,62.0,55.0,468,0,chr9:136675052-136675071,AGPAT2,5,chr9:136674809,c.589-2A>G,NM_006412.4,hg38
CAPN3_13F,GAAGGGACCCTTGGAGGTGG,61.9,65.0,371,0,chr15:42402710-42402729,CAPN3,13,chr15:42402831,c.1576del,NM_000070.3,hg38
CAPN3_13R,GCTGCCTCATGCCTTCAACC,61.9,60.0,371,0,chr15:42403061-42403080,CAPN3,13,chr15:42402831,c.1576del,NM_000070.3,hg38
HNRNPDL_1F,ATAGTGACGGAGCTGTCGGC,62.0,60.0,300,0,chr4:82429332-82429351,HNRNPDL,1,chr4:82429371,c.320C>G,NM_031372.4,hg38
HNRNPDL_1R,TACTTTAGCCTCCCGCAGCC,62.0,60.0,300,0,chr4:82429612-82429631,HNRNPDL,1,chr4:82429371,c.320C>G,NM_031372.4,hg38
CAPN3_12F,CCAGTGACCCACAGAGCTCC,62.2,65.0,444,0,chr15:42401907-42401926,CAPN3,12,chr15:42402123,c.1525-1G>A,NM_000070.3,hg38
CAPN3_12R,TGCGAGGGAGAAAGTGCACA,62.0,55.0,444,0,chr15:42402331-42402350,CAPN3,12,chr15:42402123,c.1525-1G>A,NM_000070.3,hg38
CAPN3_5F,TGTGGTCTTGGGTGGGTCAC,62.0,60.0,431,0,chr15:42388713-42388732,CAPN3,5,chr15:42389001,c.706G>A,NM_000070.3,hg38
CAPN3_5R,CCTGACACTTGGAGCTCCCC,62.2,65.0,431,0,chr15:42389124-42389143,CAPN3,5,chr15:42389001,c.706G>A,NM_000070.3,hg38
DMD_26F,ACCTCCCTTCAAGGCCTCCT,62.4,60.0,302,0,chrX:32454800-32454819,DMD,26,chrX:32454833,c.3433-1G>A,NM_004006.3,hg38
DMD_26R,AGCATTGTCACACAAACAGCTGA,61.5,43.5,302,0,chrX:32455079-32455101,DMD,26,chrX:32454833,c.3433-1G>A,NM_004006.3,hg38
CPT1A_15F,TCGCATGACTCAGTGGTGCA,62.1,55.0,334,0,chr11:68762661-68762680,CPT1A,15,chr11:68762710,c.1792C>T,NM_001876.4,hg38
CPT1A_15R,TCCCAGCTACTCAGGAGGCT,61.9,60.0,334,0,chr11:68762975-68762994,CPT1A,15,chr11:68762710,c.1792C>T,NM_001876.4,hg38
CPT1A_11F,TGTCGTAACATCGGCCGTGT,62.1,55.0,398,0,chr11:68781772-68781791,CPT1A,11,chr11:68781872,c.1251T>C,NM_001876.4,hg38
CPT1A_11R,AATACCCACCGCTCCCCATG,62.0,60.0,398,0,chr11:68782150-68782169,CPT1A,11,chr11:68781872,c.1251T>C,NM_001876.4,hg38
UCN_2F,CGCAGCAGGTGAAAGGTGAG,61.6,60.0,470,0,chr2:27307606-27307625,UCN,2,chr2:27307694,c.200_201del,NM_003353.4,hg38
UCN_2R,GCTGGGTGGAAGGGATGGAA,61.9,60.0,470,0,chr2:27308056-27308075,UCN,2,chr2:27307694,c.200_201del,NM_003353.4,hg38
DMD_74F,GCCTTGGAGACACATGCAACA,61.4,52.4,373,0,chrX:31169169-31169189,DMD,74,chrX:31169519,c.10477C>T,NM_004006.3,hg38
DMD_74R,GAGCCAGCCTCGTAGTCCTG,62.0,65.0,373,0,chrX:31169522-31169541,DMD,74,chrX:31169519,c.10477C>T,NM_004006.3,hg38
GNE_10F,GACCTCTGTCCACCACCACC,62.1,65.0,331,0,chr9:36219624-36219643,GNE,10,chr9:36219909,c.1745G>A,NM_005476.7,hg38
GNE_10R,TGGGCCACCTTGTTGTGTCT,61.9,55.0,331,0,chr9:36219935-36219954,GNE,10,chr9:36219909,c.1745G>A,NM_005476.7,hg38
DMD_68F,GCGATCAGGAGGGTGACAGG,62.3,65.0,477,0,chrX:31182569-31182588,DMD,68,chrX:31182883,c.9829G>A,NM_004006.3,hg38
DMD_68R,GCCAGCCTAGCTTTGCAACC,62.2,60.0,477,0,chrX:31183026-31183045,DMD,68,chrX:31182883,c.9829G>A,NM_004006.3,hg38
ACTA1_4F,CAGAAGCAGGAGAGGAGCCC,62.0,65.0,465,0,chr1:229432196-229432215,ACTA1,4,chr1:229432407,c.479G>C,NM_001100.4,hg38
ACTA1_4R,ACCGCGAGAAGATGACCCAG,61.9,60.0,465,0,chr1:229432641-229432660,ACTA1,4,chr1:229432407,c.479G>C,NM_001100.4,hg38
COL6A3_18F,GCACCACCGTGGAAATACACC,61.8,57.1,478,0,chr2:237359011-237359031,COL6A3,18,chr2:237359361,c.6309+1G>A,NM_004369.4,hg38
COL6A3_18R,TCAAATGGGGTGGAGTGGGG,61.8,60.0,478,0,chr2:237359469-237359488,COL6A3,18,chr2:237359361,c.6309+1G>A,NM_004369.4,hg38
CACNA1S_24F,AGCCATCACTCACTGAGGCC,61.9,60.0,402,0,chr1:201061931-201061950,CACNA1S,24,chr1:201061986,c.3011T>C,NM_000069.3,hg38
CACNA1S_24R,AGGGGACTGTGTGTTGGTGG,62.0,60.0,402,0,chr1:201062313-201062332,CACNA1S,24,chr1:201061986,c.3011T>C,NM_000069.3,hg38
PI4KA_31F,CCTCTACTGGGGGAGCTCCT,62.0,65.0,355,0,chr22:20742490-20742509,PI4KA,31,chr22:20742658,c.3563A>G,NM_058004.4,hg38
PI4KA_31R,AGTGTGGTCTGGTGGCTTCC,62.1,60.0,355,0,chr22:20742825-20742844,PI4KA,31,chr22:20742658,c.3563A>G,NM_058004.4,hg38
PI4KA_51F,TGTGGGGTGGGGATCCCTAT,61.9,60.0,367,0,chr22:20711265-20711284,PI4KA,51,chr22:20711443,c.5821C>T,NM_058004.4,hg38
PI4KA_51R,CCCTGTCACTCCTGCTACCG,61.9,65.0,367,0,chr22:20711612-20711631,PI4KA,51,chr22:20711443,c.5821C>T,NM_058004.4,hg38
OAT_10F,GACCACCTGTCTCCAGCTGG,62.2,65.0,408,0,chr10:124397889-124397908,OAT,10,chr10:124398082,c.1180T>C,NM_000274.4,hg38
OAT_10R,CCTCGTGATCCACCCACCTC,62.0,65.0,408,0,chr10:124398277-124398296,OAT,10,chr10:124398082,c.1180T>C,NM_000274.4,hg38
HYDIN_84F,TGATTGTCCCGTCCTCTGCC,61.9,60.0,390,0,chr16:70818201-70818220,HYDIN,84,chr16:70818556,c.14444A>G,NM_001270974.2,hg38
HYDIN_84R,CTCTCCCCGTGAATGCAGGT,61.9,60.0,390,0,chr16:70818571-70818590,HYDIN,84,chr16:70818556,c.14444A>G,NM_001270974.2,hg38
SGP7_1F,TAGCAGAAACCCACCCACCC,61.8,60.0,476,0,chr16:89547958-89547977,SGP7,?,chr16:89548095,c.1645G>A,NM_003119.4,hg38
SGP7_1R,ACCCAGGCTGGCAAGACATT,62.1,55.0,476,0,chr16:89548414-89548433,SGP7,?,chr16:89548095,c.1645G>A,NM_003119.4,hg38
VCP_6F,GCACACGCACACAACAGACA,62.0,55.0,317,0,chr9:35063934-35063953,VCP,6,chr9:35064225,c.637C>G,NM_007126.5,hg38
VCP_6R,TGACATTGGTGGCTGCAGGA,62.1,55.0,317,0,chr9:35064231-35064250,VCP,6,chr9:35064225,c.637C>G,NM_007126.5,hg38
SPAST_14F,CCCAGTTACTCGGGAGGCTG,62.0,65.0,483,0,chr2:32143150-32143169,SPAST,14,chr2:32143364,c.1565T>A,NM_014946.4,hg38
SPAST_14R,ACGTCTTGCAAAGGACATAGCC,61.2,50.0,483,0,chr2:32143611-32143632,SPAST,14,chr2:32143364,c.1565T>A,NM_014946.4,hg38
DDHD1_1F,AATCTCCATCCTGCCCCAGC,62.0,60.0,444,0,chr14:53152124-53152143,DDHD1,1,chr14:53152479,c.601_619del,NM_001160148.2,hg38
DDHD1_1R,ACCTGGAAGCCCTTCATCGG,61.9,60.0,444,0,chr14:53152548-53152567,DDHD1,1,chr14:53152479,c.601_619del,NM_001160148.2,hg38
CACNA1G_9F,TTCACACAGGATGCCCAGCA,62.1,55.0,336,0,chr17:50578349-50578368,CACNA1G,9,chr17:50578386,c.2123C>G,NM_018896.5,hg38
CACNA1G_9R,GTGGGCTAGCAGCATGGAGA,62.0,60.0,336,0,chr17:50578665-50578684,CACNA1G,9,chr17:50578386,c.2123C>G,NM_018896.5,hg38
NOTCH3_4F,CCGCGGGGTTCTCACATAGT,62.0,60.0,441,0,chr19:15192044-15192063,NOTCH3,4,chr19:15192100,c.539C>T,NM_000435.3,hg38
NOTCH3_4R,TGGAGGACCCCTGTCACTCA,62.0,60.0,441,0,chr19:15192465-15192484,NOTCH3,4,chr19:15192100,c.539C>T,NM_000435.3,hg38
EXOSC9_1F,CAATGGCTTCTCGCAGCTCG,62.0,60.0,409,0,chr4:121801217-121801236,EXOSC9,1,chr4:121801465,c.41T>C,NM_005033.3,hg38
EXOSC9_1R,AAAGCCTGAGGGATGGGGTG,61.9,60.0,409,0,chr4:121801606-121801625,EXOSC9,1,chr4:121801465,c.41T>C,NM_005033.3,hg38
DDHD2_16F,GGGATGCTGAATGGAGGCCA,62.3,60.0,333,0,chr8:38253615-38253634,DDHD2,16,chr8:38253654,c.1990C>T,NM_015214.3,hg38
DDHD2_16R,CATACCACCACGCCCAGCTA,62.0,60.0,333,0,chr8:38253928-38253947,DDHD2,16,chr8:38253654,c.1990C>T,NM_015214.3,hg38
TUBG1_9F,ACCCTTTGTGGACCCCAAGG,62.0,60.0,440,0,chr17:42614092-42614111,TUBG1,9,chr17:42614314,c.898C>T,NM_001070.5,hg38
TUBG1_9R,CTTGCGTTCCCGGATCCTCT,62.0,60.0,440,0,chr17:42614512-42614531,TUBG1,9,chr17:42614314,c.898C>T,NM_001070.5,hg38
OAT_8F,ACTCAAAGCGCCAGGTGACT,62.0,55.0,353,0,chr10:124401489-124401508,OAT,8,chr10:124401749,c.991C>T,NM_000274.4,hg38
OAT_8R,AGGTGTCTGCAGTGCTGTGT,62.0,55.0,353,0,chr10:124401822-124401841,OAT,8,chr10:124401749,c.991C>T,NM_000274.4,hg38
MTHFR_12F,TGTCTTCCACCACCTGCCAG,62.1,60.0,425,0,chr1:11790736-11790755,MTHFR,12,chr1:11790891,c.1760C>G,NM_005957.5,hg38
MTHFR_12R,GGGGAGGGATTGGGACCAAG,61.9,65.0,425,0,chr1:11791141-11791160,MTHFR,12,chr1:11790891,c.1760C>G,NM_005957.5,hg38
ALS2_26F,AGAACCCCCTTGAGTGCCTT,61.1,55.0,452,0,chr2:201710766-201710785,ALS2,26,chr2:201711050,c.4063C>T,NM_020919.4,hg38
ALS2_26R,TGGATGCTCCACTTTGACTGGA,61.6,50.0,452,0,chr2:201711196-201711217,ALS2,26,chr2:201711050,c.4063C>T,NM_020919.4,hg38
SPAST_17F,GGTTGCATATCTGAGTGGTGA,57.7,47.6,427,0,chr2:32154012-32154032,SPAST,17,chr2:32154412,c.1774del,NM_014946.4,hg38
SPAST_17R,GGGCTGACGCTGCGTTTTAT,61.6,55.0,427,0,chr2:32154419-32154438,SPAST,17,chr2:32154412,c.1774del,NM_014946.4,hg38
SPG11_14F,GATCCCACCACAGAGCCCAA,61.9,60.0,322,0,chr15:44621804-44621823,SPG11,14,chr15:44621907,c.2471dup,NM_025137.4,hg38
SPG11_14R,TGAGCCTGCATTCTCCTTGGA,61.5,52.4,322,0,chr15:44622105-44622125,SPG11,14,chr15:44621907,c.2471dup,NM_025137.4,hg38
MTHFR_4F,CTAGGGGTCGATGGTGGCAG,62.0,65.0,402,0,chr1:11800003-11800022,MTHFR,4,chr1:11800250,c.548G>A,NM_005957.5,hg38
MTHFR_4R,GTCGGGGCTAGGTAGAGGGA,62.0,65.0,402,0,chr1:11800385-11800404,MTHFR,4,chr1:11800250,c.548G>A,NM_005957.5,hg38
POLR3A_14F,GCTTGCTTCGCGAAGGTACC,62.0,60.0,309,0,chr10:78009443-78009462,POLR3A,14,chr10:78009627,c.1819C>T,NM_007055.4,hg38
POLR3A_14R,CGCCTGGCTTCGTCTACTGA,61.9,60.0,309,0,chr10:78009732-78009751,POLR3A,14,chr10:78009627,c.1819C>T,NM_007055.4,hg38
ALAD_2F,CCTCAGCCTCCCAAAGTGCT,62.1,60.0,426,0,chr9:113393066-113393085,ALAD,2,chr9:113393460,c.100C>A,NM_000031.6,hg38
ALAD_2R,CACCACCCTCAATGCCTCCA,62.1,60.0,426,0,chr9:113393472-113393491,ALAD,2,chr9:113393460,c.100C>A,NM_000031.6,hg38
CASZ1_8F,GGGCCCTCTACCTGCTCAAG,62.0,65.0,406,0,chr1:10656504-10656523,CASZ1,8,chr1:10656717,c.1429T>C,NM_001079843.3,hg38
CASZ1_8R,TCAATGGGCCTGGGATTCCC,61.9,60.0,406,0,chr1:10656890-10656909,CASZ1,8,chr1:10656717,c.1429T>C,NM_001079843.3,hg38
GAN_4F,GCTGGCCAACTTCAAACCCC,62.1,60.0,324,0,chr16:81356937-81356956,GAN,4,chr16:81356962,c.811T>A,NM_022041.4,hg38
GAN_4R,GGGAGAGGGGAGGGATAGCT,61.7,65.0,324,0,chr16:81357241-81357260,GAN,4,chr16:81356962,c.811T>A,NM_022041.4,hg38
DYSF_56F,CGGAGGGTATGGGTTTGCCT,61.9,60.0,303,0,chr2:71686203-71686222,DYSF,56,chr2:71686458,c.6326A>G,NM_001130987.2,hg38
DYSF_56R,GGCAGGAGAGTCCTCAGCTG,62.0,65.0,303,0,chr2:71686486-71686505,DYSF,56,chr2:71686458,c.6326A>G,NM_001130987.2,hg38
GDAP1_5F,GGGTCTGCTCCTGGGTCATT,61.6,60.0,500,0,chr8:74362721-74362740,GDAP1,5,chr8:74363047,c.692del,NM_018972.4,hg38
GDAP1_5R,ACCTGGGTTTTTCTGGGTGC,60.8,55.0,500,0,chr8:74363201-74363220,GDAP1,5,chr8:74363047,c.692del,NM_018972.4,hg38
KIF1A_12F,CAGCCTCACAGAGTCCAGGG,61.9,65.0,400,0,chr2:240774046-240774065,KIF1A,12,chr2:240774189,c.1031C>T,NM_001244008.2,hg38
KIF1A_12R,AAGGCCAGGTCCTTGCTGTT,62.0,55.0,400,0,chr2:240774426-240774445,KIF1A,12,chr2:240774189,c.1031C>T,NM_001244008.2,hg38
GJB1_2F,TGCAGAGAGTGTGTGGGGTG,62.0,60.0,452,0,chrX:71223824-71223843,GJB1,2,chrX:71224103,c.396G>A,NM_000166.6,hg38
GJB1_2R,AGACGGTTTTCTCGGTGGGG,62.1,60.0,452,0,chrX:71224256-71224275,GJB1,2,chrX:71224103,c.396G>A,NM_000166.6,hg38
SCN9A_21F,TGTACACACACATACATAAACAGCC,59.6,40.0,393,0,chr2:166233206-166233230,SCN9A,21,chr2:166233422,c.3842C>A,NM_001365536.1,hg38
SCN9A_21R,GGCATTGACTACACAACTCCGT,60.9,50.0,393,0,chr2:166233577-166233598,SCN9A,21,chr2:166233422,c.3842C>A,NM_001365536.1,hg38
ARHGEF10_13F,GCAGTGAGCCATGATCGCAC,62.0,60.0,324,0,chr8:1894289-1894308,ARHGEF10,13,chr8:1894508,c.1376C>T,NM_014629.4,hg38
ARHGEF10_13R,GGAGAGCCCCATGGACATCC,62.1,65.0,324,0,chr8:1894593-1894612,ARHGEF10,13,chr8:1894508,c.1376C>T,NM_014629.4,hg38
KIF1B_27F,TCCTCTCTCCCTGGCTGTGT,62.1,60.0,336,0,chr1:10326065-10326084,KIF1B,27,chr1:10326247,c.2812G>C,NM_001365951.3,hg38
KIF1B_27R,AGCTGGTCCCTTTTCGCCTT,62.1,55.0,336,0,chr1:10326381-10326400,KIF1B,27,chr1:10326247,c.2812G>C,NM_001365951.3,hg38
GDAP1_3F,AGCTGCTTGACTCCTTGCCA,62.1,55.0,454,0,chr8:74360203-74360222,GDAP1,3,chr8:74360304,c.478A>G,NM_018972.4,hg38
GDAP1_3R,TCCTAGGCAGATCCCAGGTT,59.7,55.0,454,0,chr8:74360637-74360656,GDAP1,3,chr8:74360304,c.478A>G,NM_018972.4,hg38
GDAP1_6F,ACTGGGGAAACGGAAAGCGA,62.0,55.0,356,0,chr8:74364090-74364109,GDAP1,6,chr8:74364207,c.917C>T,NM_018972.4,hg38
GDAP1_6R,CAGACTCAGAGAGCCACGGG,61.9,65.0,356,0,chr8:74364426-74364445,GDAP1,6,chr8:74364207,c.917C>T,NM_018972.4,hg38
WNK1_9F,GCAGGTTGCAGTGGACTTGA,60.8,55.0,348,0,chr12:868705-868724,WNK1,9,chr12:869017,c.3550_3554del,NM_213655.5,hg38
WNK1_9R,TGAGATGTGGTTCCTTGGGGG,61.7,57.1,348,0,chr12:869032-869052,WNK1,9,chr12:869017,c.3550_3554del,NM_213655.5,hg38
FHLN1_1F,GCCGTTAAGGAGGTGGGGAG,62.3,65.0,493,0,chrX:136196485-136196504,FHLN1,?,chrX:136196863,c.61G>T,NM_001159701.2,hg38
FHLN1_1R,ACCCCTCCCCAGAGATCACA,61.8,60.0,493,0,chrX:136196958-136196977,FHLN1,?,chrX:136196863,c.61G>T,NM_001159701.2,hg38
GJB1_2F,CCCCACCGAGAAAACCGTCT,62.1,60.0,409,0,chrX:71224256-71224275,GJB1,2,chrX:71224419,c.712C>T,NM_000166.6,hg38
GJB1_2R,CGAGTAATCCCCAGCAGGCA,62.0,60.0,409,0,chrX:71224645-71224664,GJB1,2,chrX:71224419,c.712C>T,NM_000166.6,hg38
GDAP1_3F,CCTTGAGGGCTGAGTGCAGT,62.1,60.0,338,0,chr8:74359885-74359904,GDAP1,3,chr8:74360185,c.359G>A,NM_018972.4,hg38
GDAP1_3R,TGGCAAGGAGTCAAGCAGCT,62.1,55.0,338,0,chr8:74360203-74360222,GDAP1,3,chr8:74360185,c.359G>A,NM_018972.4,hg38
GDAP1_3F,AGCTGCTTGACTCCTTGCCA,62.1,55.0,454,0,chr8:74360203-74360222,GDAP1,3,chr8:74360311,c.484+1G>A,NM_018972.4,hg38
GDAP1_3R,TCCTAGGCAGATCCCAGGTT,59.7,55.0,454,0,chr8:74360637-74360656,GDAP1,3,chr8:74360311,c.484+1G>A,NM_018972.4,hg38
GDAP1_6F,ACTGGGGAAACGGAAAGCGA,62.0,55.0,356,0,chr8:74364090-74364109,GDAP1,6,chr8:74364135,c.845G>A,NM_018972.4,hg38
GDAP1_6R,CAGACTCAGAGAGCCACGGG,61.9,65.0,356,0,chr8:74364426-74364445,GDAP1,6,chr8:74364135,c.845G>A,NM_018972.4,hg38
ARSB_3F,ACGTCGAAGCCATCCAGAGG,61.9,60.0,366,0,chr5:78885599-78885618,ARSB,3,chr5:78885786,c.934_939del,NM_000046.5,hg38
ARSB_3R,AGGGTGGGAAAAGGCAAGGA,61.4,55.0,366,0,chr5:78885945-78885964,ARSB,3,chr5:78885786,c.934_939del,NM_000046.5,hg38
IDUA_14F,TGGCACACATGTCCCCTTGT,62.0,55.0,310,0,chr4:1004234-1004253,IDUA,14,chr4:1004286,c.1855C>T,NM_000203.5,hg38
IDUA_14R,AAAGGGGGCGTTGGTACCAA,62.0,55.0,310,0,chr4:1004524-1004543,IDUA,14,chr4:1004286,c.1855C>T,NM_000203.5,hg38
IDUA_8F,CCTTCCTGAGCTACCACCCG,62.0,65.0,399,0,chr4:1002348-1002367,IDUA,8,chr4:1002409,c.1113C>A,NM_000203.5,hg38
IDUA_8R,AGAGCTGCTCCTCATCTGCG,62.0,60.0,399,0,chr4:1002727-1002746,IDUA,8,chr4:1002409,c.1113C>A,NM_000203.5,hg38
HELZ2_10F,GCTTCTCCAGAGCCTCCCTG,62.0,65.0,443,0,chr20:63562099-63562118,HELZ2,10,chr20:63562366,c.6319G>A,NM_001037335.2,hg38
HELZ2_10R,TGCCCAAGCAGCTTCCTGAT,62.1,55.0,443,0,chr20:63562522-63562541,HELZ2,10,chr20:63562366,c.6319G>A,NM_001037335.2,hg38
MAN2B1_13F,GAAGTGAGCCAAGATCGCGC,62.0,60.0,425,0,chr19:12656296-12656315,MAN2B1,13,chr19:12656584,c.1629_1630dup,NM_000528.4,hg38
MAN2B1_13R,GACCCATGCCCTCTCTGACC,62.0,65.0,425,0,chr19:12656701-12656720,MAN2B1,13,chr19:12656584,c.1629_1630dup,NM_000528.4,hg38
GALNS_3F,GAAGGAAGCCAGCTAGGGGG,62.0,65.0,442,0,chr16:88841724-88841743,GALNS,3,chr16:88841965,c.251C>A,NM_000512.5,hg38
GALNS_3R,TTCAGTGGAATGGGTGCCGT,62.1,55.0,442,0,chr16:88842146-88842165,GALNS,3,chr16:88841965,c.251C>A,NM_000512.5,hg38
GALNS_2F,ACCGCAACTTCGACCCTGAA,62.0,55.0,385,0,chr16:88842483-88842502,GALNS,2,chr16:88842766,c.184A>G,NM_000512.5,hg38
GALNS_2R,AAGGCGCTCATTCCTCCTCC,62.0,60.0,385,0,chr16:88842848-88842867,GALNS,2,chr16:88842766,c.184A>G,NM_000512.5,hg38
IDS_9F,GAGGAAAGAAACGCGGCTCG,62.0,60.0,372,0,chrX:149503454-149503473,IDS,9,chrX:149503477,c.253G>A,NM_000202.8,hg38
IDS_9R,GCCTCAGGTGAGAGCTAGCC,62.0,65.0,372,0,chrX:149503806-149503825,IDS,9,chrX:149503477,c.253G>A,NM_000202.8,hg38
IDS_12F,CAGGCGTGAAGAGCTTGCTG,61.9,60.0,461,0,chrX:149489925-149489944,IDS,12,chrX:149490316,c.1004A>G,NM_000202.8,hg38
IDS_12R,GCCGCCTCTTGAGTGCTTTG,62.2,60.0,461,0,chrX:149490366-149490385,IDS,12,chrX:149490316,c.1004A>G,NM_000202.8,hg38
ATM_15F,TCTCCACATCCTGTCCAGCA,60.5,55.0,434,0,chr11:108257156-108257175,ATM,15,chr11:108257490,c.2260C>T,NM_000051.4,hg38
ATM_15R,AGCAACGTGTACATAGCTGCA,60.3,47.6,434,0,chr11:108257569-108257589,ATM,15,chr11:108257490,c.2260C>T,NM_000051.4,hg38
ATM_51F,TGGCCTATGGGGAAAAGCAA,59.6,50.0,443,0,chr11:108331073-108331092,ATM,51,chr11:108331441,c.7519_7520del,NM_000051.4,hg38
ATM_51R,GGTCCCCATTCTAGCAGCCA,61.6,60.0,443,0,chr11:108331496-108331515,ATM,51,chr11:108331441,c.7519_7520del,NM_000051.4,hg38
POLG_10F,CCAAGTAGCCCCAGCCATGA,61.9,60.0,336,0,chr15:89325529-89325548,POLG,10,chr15:89325562,c.1837C>T,NM_002693.3,hg38
POLG_10R,GGATTCCATGGGGGTCCTGG,62.0,65.0,336,0,chr15:89325845-89325864,POLG,10,chr15:89325562,c.1837C>T,NM_002693.3,hg38
SPG7_4F,CATCGCGGTTGTCATGAGCC,62.0,60.0,436,0,chr16:89524070-89524089,SPG7,4,chr16:89524223,c.596del,NM_003119.4,hg38
SPG7_4R,CATCACTGCGCTTCAGCCTG,62.0,60.0,436,0,chr16:89524486-89524505,SPG7,4,chr16:89524223,c.596del,NM_003119.4,hg38
SPG7_17F,TGGGAAAGTGGCCTGTCCTG,62.1,60.0,434,0,chr16:89556759-89556778,SPG7,17,chr16:89557000,c.2295C>T,NM_003119.4,hg38
SPG7_17R,CGCGAGAGGAAGTGCAAACC,61.9,60.0,434,0,chr16:89557173-89557192,SPG7,17,chr16:89557000,c.2295C>T,NM_003119.4,hg38
SELENOP_2F,GCAACCACAGTCACTGAACCA,61.0,52.4,442,0,chr5:42808196-42808216,SELENOP,2,chr5:42808258,c.95delC,NM_005410.4,hg38
SELENOP_2R,CACACCCGGCCTATCCCTTT,61.9,60.0,442,0,chr5:42808618-42808637,SELENOP,2,chr5:42808258,c.95delC,NM_005410.4,hg38
HSD17B4_16F,AGCTCCTCTTCTCTCTGCCT,59.7,55.0,467,0,chr5:119508928-119508947,HSD17B4,16,chr5:119509138,c.1334-3C>G,NM_000414.4,hg38
HSD17B4_16R,CTGGTCTTGGTGTCCCAGGG,62.1,65.0,467,0,chr5:119509375-119509394,HSD17B4,16,chr5:119509138,c.1334-3C>G,NM_000414.4,hg38
HSD17B4_4F,TGGAAGGGAGGTTGCCGAAA,61.7,55.0,362,0,chr5:119474354-119474373,HSD17B4,4,chr5:119474407,c.227T>G,NM_000414.4,hg38
HSD17B4_4R,GGGCACTGAGTAAACGCTCG,61.4,60.0,362,0,chr5:119474696-119474715,HSD17B4,4,chr5:119474407,c.227T>G,NM_000414.4,hg38
PITRM1_17F,CACGTGGGGAGAAGCACTCA,62.1,60.0,347,0,chr10:3148207-3148226,PITRM1,17,chr10:3148235,c.1928C>T,NM_014889.4,hg38
PITRM1_17R,ACTGGCTGCCCAAGTGTCTT,62.0,55.0,347,0,chr10:3148534-3148553,PITRM1,17,chr10:3148235,c.1928C>T,NM_014889.4,hg38
SACS_10F,TCTCTGCCAGGCCAGAATGT,61.2,55.0,431,0,chr13:23341600-23341619,SACS,10,chr13:23341652,c.2224C>T,NM_014363.6,hg38
SACS_10R,TGGGTCACGAGGTCAGGAGA,62.1,60.0,431,0,chr13:23342011-23342030,SACS,10,chr13:23341652,c.2224C>T,NM_014363.6,hg38
ATNX7_1F,GCGGAAAGAATGTCGGAGCG,62.0,60.0,341,0,chr3:63912590-63912609,ATNX7,?,chr3:63912635,c.37C>G,NM_001377405.1,hg38
ATNX7_1R,CACTCACCGTCCTTCCCAGG,62.2,65.0,341,0,chr3:63912911-63912930,ATNX7,?,chr3:63912635,c.37C>G,NM_001377405.1,hg38
TPP1_10F,ACCTGGTATGAAGGCCGTGG,61.9,60.0,458,0,chr11:6615440-6615459,TPP1,10,chr11:6615498,c.1210G>T,NM_000391.4,hg38
TPP1_10R,TAAGCTTTGCCTGCCCTGGT,62.1,55.0,458,0,chr11:6615878-6615897,TPP1,10,chr11:6615498,c.1210G>T,NM_000391.4,hg38
CACNA1A_13F,TCCCAACTTTCTGGAGGCGG,62.1,60.0,462,0,chr19:13308336-13308355,CACNA1A,13,chr19:13308452,c.1745G>A,NM_001127222.2,hg38
CACNA1A_13R,GGCTGAGGTGGGAGGATCAC,62.0,65.0,462,0,chr19:13308778-13308797,CACNA1A,13,chr19:13308452,c.1745G>A,NM_001127222.2,hg38
CACNA1E_7F,TGGTGAGGCTGATGCTGTGT,61.8,55.0,309,0,chr1:181651132-181651151,CACNA1E,7,chr1:181651376,c.990C>G,NM_001205293.3,hg38
CACNA1E_7R,CGGAAAGCACTCCCAGGACT,61.8,60.0,309,0,chr1:181651421-181651440,CACNA1E,7,chr1:181651376,c.990C>G,NM_001205293.3,hg38
OFD1_8F,TCTGAAGCTCTCGTTCTTCGGG,62.0,54.5,378,0,chrX:13746894-13746915,OFD1,8,chrX:13746942,c.817A>G,NM_003611.3,hg38
OFD1_8R,TGCACCTCCAATCTGCTCCT,61.2,55.0,378,0,chrX:13747252-13747271,OFD1,8,chrX:13746942,c.817A>G,NM_003611.3,hg38
POLR3A_14F,GCTTGCTTCGCGAAGGTACC,62.0,60.0,309,0,chr10:78009443-78009462,POLR3A,14,chr10:78009682,c.1771-7C>G,NM_007055.4,hg38
POLR3A_14R,CGCCTGGCTTCGTCTACTGA,61.9,60.0,309,0,chr10:78009732-78009751,POLR3A,14,chr10:78009682,c.1771-7C>G,NM_007055.4,hg38
PPT1_1F,CATGCCAGATCACCAACGGC,62.0,60.0,479,0,chr1:40097121-40097140,PPT1,1,chr1:40097236,c.3G>A,NM_000310.4,hg38
PPT1_1R,GCAGTGCCTCAGTGTCCTCA,62.1,60.0,479,0,chr1:40097580-40097599,PPT1,1,chr1:40097236,c.3G>A,NM_000310.4,hg38
ATXN3_10F,GATAGGTCCCCCTGCTGCTG,62.0,65.0,420,0,chr14:92071000-92071019,ATXN3,10,chr14:92071053,,NM_004993.6,hg38
ATXN3_10R,TTCACCGTGTTGTCCAGGCT,62.0,55.0,420,0,chr14:92071400-92071419,ATXN3,10,chr14:92071053,,NM_004993.6,hg38
SACS_10F,AGCCTCTCCTGTGTCCATGC,61.9,60.0,381,0,chr13:23338389-23338408,SACS,10,chr13:23338731,c.5141_5144del,NM_014363.6,hg38
SACS_10R,ACCAACCCCAGTTTAGCACA,59.4,50.0,381,0,chr13:23338750-23338769,SACS,10,chr13:23338731,c.5141_5144del,NM_014363.6,hg38
SACS_8F,CGGCCGCTCATGTTTCAGTG,62.2,60.0,371,0,chr13:23355574-23355593,SACS,8,chr13:23355797,c.815G>A,NM_014363.6,hg38
SACS_8R,GCCCACATGAATCAGGCCAA,61.0,55.0,371,0,chr13:23355925-23355944,SACS,8,chr13:23355797,c.815G>A,NM_014363.6,hg38
ERCC3_13F,ACCAACAGCTGCCCTCAGAG,62.1,60.0,402,0,chr2:127261056-127261075,ERCC3,13,chr2:127261272,c.2020A>G,NM_000122.2,hg38
ERCC3_13R,TGCAGGGCTTTTCCACTCCA,62.0,55.0,402,0,chr2:127261438-127261457,ERCC3,13,chr2:127261272,c.2020A>G,NM_000122.2,hg38
SYN1_1F,AAGCGGCGCTCGATAATTGC,62.1,55.0,474,0,chrX:47619269-47619288,SYN1,1,chrX:47619359,c.370A>G,NM_006950.3,hg38
SYN1_1R,CCCAAGTCGCAGCCATGAAC,61.9,60.0,474,0,chrX:47619723-47619742,SYN1,1,chrX:47619359,c.370A>G,NM_006950.3,hg38
AFG3L2_15F,TAGAGCCACTGCACTCCAGC,61.9,60.0,426,0,chr18:12339973-12339992,AFG3L2,15,chr18:12340334,c.1847A>G,NM_006796.3,hg38
AFG3L2_15R,TCCATCATCCCACGTGGCAA,61.8,55.0,426,0,chr18:12340379-12340398,AFG3L2,15,chr18:12340334,c.1847A>G,NM_006796.3,hg38
KIF1C_9F,ACCCGCACCTTATCTCCTGC,62.0,60.0,485,0,chr17:5003573-5003592,KIF1C,9,chr17:5003672,c.785dup,NM_006612.6,hg38
KIF1C_9R,CAGCCAGGTGAGCACAGAGT,62.1,60.0,485,0,chr17:5004038-5004057,KIF1C,9,chr17:5003672,c.785dup,NM_006612.6,hg38
GALC_13F,AGCCACTCCATCATGCACCC,62.6,60.0,405,0,chr14:87947634-87947653,GALC,13,chr14:87947880,c.1339-2A>C,NM_000153.4,hg38
GALC_13R,TCCAAGGGCCTTGATATTGGTGA,61.7,47.8,405,0,chr14:87948016-87948038,GALC,13,chr14:87947880,c.1339-2A>C,NM_000153.4,hg38
GALC_7F,TCGGCATCAAGGAGCATGGA,61.6,55.0,454,0,chr14:87976385-87976404,GALC,7,chr14:87976451,c.659G>A,NM_000153.4,hg38
GALC_7R,TTCAAGACCAGCCTGGCCAA,62.0,55.0,454,0,chr14:87976819-87976838,GALC,7,chr14:87976451,c.659G>A,NM_000153.4,hg38
EX2D_1F,GGAGAGCCTGCCTACTCAGC,62.0,65.0,412,0,chr14:69237818-69237837,EX2D,?,chr14:69237850,c.1568T>C,NM_001193360.2,hg38
EX2D_1R,AGCTCCACCACAACTGCACT,62.0,55.0,412,0,chr14:69238210-69238229,EX2D,?,chr14:69237850,c.1568T>C,NM_001193360.2,hg38
SCN8A_27F,AGGCACACACCGGGAGAAAA,62.0,55.0,359,0,chr12:51807270-51807289,SCN8A,27,chr12:51807404,c.5918A>G,NM_001330260.2,hg38
SCN8A_27R,CTAGGGAGCGGGGTCCTTTG,62.0,65.0,359,0,chr12:51807609-51807628,SCN8A,27,chr12:51807404,c.5918A>G,NM_001330260.2,hg38
COL11A2_63F,CCCTGAGGCTAGCACTGACC,62.0,65.0,357,0,chr6:33165530-33165549,COL11A2,63,chr6:33165594,c.4705C>T,NM_080680.3,hg38
COL11A2_63R,TCCACTGCTGCCACACTTCA,62.0,55.0,357,0,chr6:33165867-33165886,COL11A2,63,chr6:33165594,c.4705C>T,NM_080680.3,hg38
MYH8_8F,TCAGCAGATGCCAGCTTCCC,62.5,60.0,454,0,chr17:10415127-10415146,MYH8,8,chr17:10415384,c.649G>C,NM_002472.3,hg38
MYH8_8R,CGGAGAATCTGGTGCCGGAA,62.2,60.0,454,0,chr17:10415561-10415580,MYH8,8,chr17:10415384,c.649G>C,NM_002472.3,hg38
MESD_3F,TGTGCAGTTGCCTGAGACCA,62.0,55.0,308,0,chr15:80979126-80979145,MESD,3,chr15:80979281,c.639_642del,NM_015154.3,hg38
MESD_3R,GGAGCTACGCCTGGGAGATC,61.8,65.0,308,0,chr15:80979414-80979433,MESD,3,chr15:80979281,c.639_642del,NM_015154.3,hg38
LRP5_23F,GGCATGCCCATGGTAGAGGT,62.0,60.0,351,0,chr11:68448599-68448618,LRP5,23,chr11:68448854,c.4632C>A,NM_002335.4,hg38
LRP5_23R,GGGGGTGGATAGGGGTCTGA,62.3,65.0,351,0,chr11:68448930-68448949,LRP5,23,chr11:68448854,c.4632C>A,NM_002335.4,hg38
FBN1_27F,TCCTCTCTTCCGCCTGGGTA,61.9,60.0,343,0,chr15:48487854-48487873,FBN1,27,chr15:48488148,c.3302A>G,NM_000138.5,hg38
FBN1_27R,AGTGTGTGAACACCCCTGGG,62.0,60.0,343,0,chr15:48488177-48488196,FBN1,27,chr15:48488148,c.3302A>G,NM_000138.5,hg38
SACS_10F,AGTTTCACTTCTGCTGTGGGGA,61.8,50.0,450,0,chr13:23331660-23331681,SACS,10,chr13:23331962,c.11914C>T,NM_014363.6,hg38
SACS_10R,GTGTTTGACGATGCGCCACA,62.1,55.0,450,0,chr13:23332090-23332109,SACS,10,chr13:23331962,c.11914C>T,NM_014363.6,hg38
SACS_10F,TGCTTTGCTTGCTTTAGTCTACTGT,61.2,40.0,374,0,chr13:23333260-23333284,SACS,10,chr13:23333330,c.10546C>T,NM_014363.6,hg38
SACS_10R,TCCATCAGTGGCCGCTATGT,61.3,55.0,374,0,chr13:23333614-23333633,SACS,10,chr13:23333330,c.10546C>T,NM_014363.6,hg38
ABCA12_50F,TCACCATAATGGCCAACCTGGT,62.0,50.0,432,0,chr2:214942971-214942992,ABCA12,50,chr2:214943007,c.7354T>C,NM_173076.3,hg38
ABCA12_50R,GGGTCCAAGGCAGGAGGATC,62.0,65.0,432,0,chr2:214943383-214943402,ABCA12,50,chr2:214943007,c.7354T>C,NM_173076.3,hg38
ACVR1_6F,TGGGCATTCTCTCATCATCCCA,61.2,50.0,496,0,chr2:157773816-157773837,ACVR1,6,chr2:157774114,c.617G>A,NM_001111067.4,hg38
ACVR1_6R,ACTAACAGGCCACGTGTCCC,62.1,60.0,496,0,chr2:157774292-157774311,ACVR1,6,chr2:157774114,c.617G>A,NM_001111067.4,hg38
BRAF_6F,TGACAGCGGAAACCCTGGAA,61.7,55.0,341,0,chr7:140801487-140801506,BRAF,6,chr7:140801537,c.735A>C,NM_001374258.1,hg38
BRAF_6R,GCTTGAAATCAGTTGCCAGCCT,62.0,50.0,341,0,chr7:140801806-140801827,BRAF,6,chr7:140801537,c.735A>C,NM_001374258.1,hg38
FLG_1F,GGGGTGTCTGGAGCCATCTC,62.0,65.0,325,0,chr1:152312906-152312925,FLG,1,chr1:152313060,c.1826C>A,NM_002016.2,hg38
FLG_1R,GGGAAGGTCTGATGCCTCCC,62.0,65.0,325,0,chr1:152313211-152313230,FLG,1,chr1:152313060,c.1826C>A,NM_002016.2,hg38
SCN10A_28F,GGCCGACGTGGTAATCTGGA,62.0,60.0,483,0,chr3:38698237-38698256,SCN10A,28,chr3:38698454,c.4766C>A,NM_006514.4,hg38
SCN10A_28R,TGCTACCTACCATGCCAGGC,62.0,60.0,483,0,chr3:38698700-38698719,SCN10A,28,chr3:38698454,c.4766C>A,NM_006514.4,hg38
SCN10A_11F,CTACGGCAGCTGCAATGGTG,62.0,60.0,378,0,chr3:38755734-38755753,SCN10A,11,chr3:38755816,c.1433G>A,NM_006514.4,hg38
SCN10A_11R,CCTGCCATGGCCTAATCCCA,62.0,60.0,378,0,chr3:38756092-38756111,SCN10A,11,chr3:38755816,c.1433G>A,NM_006514.4,hg38
SLC4A11_11F,GGTCTCAGGCACCATCTCCC,62.0,65.0,314,0,chr20:3230693-3230712,SLC4A11,11,chr20:3230813,c.1201G>A,NM_001174089.2,hg38
SLC4A11_11R,CCTCTACTTCGCCTGCCTCC,62.0,65.0,314,0,chr20:3230987-3231006,SLC4A11,11,chr20:3230813,c.1201G>A,NM_001174089.2,hg38
MAK_1F,GCGGATCATCTCGGCCTTTT,60.8,55.0,486,0,chr6:10772927-10772946,MAK,1,chr6:10773106,c.1600G>T,NM_001242957.3,hg38
MAK_1R,TGTCGCTGCGGTGTCATACA,62.1,55.0,486,0,chr6:10773393-10773412,MAK,1,chr6:10773106,c.1600G>T,NM_001242957.3,hg38
LGR4_18F,ATCAGAGTGGGCCGACTGTG,61.9,60.0,346,0,chr11:27368002-27368021,LGR4,18,chr11:27368192,c.2531A>G,NM_018490.5,hg38
LGR4_18R,GCCTGCTTGCCTGAATCCAG,61.7,60.0,346,0,chr11:27368328-27368347,LGR4,18,chr11:27368192,c.2531A>G,NM_018490.5,hg38
XPA_4F,TCTCACCACTGCACTCCAGC,62.1,60.0,496,0,chr9:97686856-97686875,XPA,4,chr9:97687094,c.555+2T>C,NM_000380.4,hg38
XPA_4R,TGCTGTGTGTGCCCCTAAGT,61.7,55.0,496,0,chr9:97687332-97687351,XPA,4,chr9:97687094,c.555+2T>C,NM_000380.4,hg38
NLR1_1F,CGGCTCAGAGGAAGAGGTGG,62.0,65.0,489,0,chr14:24081232-24081251,NLR1,?,chr14:24081570,c.382-2A>G,NM_001354768.3,hg38
NLR1_1R,ACCGAAACAGACTGCGTGGA,62.0,55.0,489,0,chr14:24081701-24081720,NLR1,?,chr14:24081570,c.382-2A>G,NM_001354768.3,hg38
NAN_30F,GTACAGCTCCTCCAGGCCTG,62.0,65.0,380,0,chr14:24082630-24082649,NAN,30,chr14:24082758,c.91C>T,NM_001354768.3,hg38
NAN_30R,ACAGAGCTGCACCATCCCTC,61.9,60.0,380,0,chr14:24082990-24083009,NAN,30,chr14:24082758,c.91C>T,NM_001354768.3,hg38
ABCA12_16F,CGGTTGCTTCTGTACATTGCCT,61.5,50.0,421,0,chr2:215011630-215011651,ABCA12,16,chr2:215012020,c.2071del,NM_173076.3,hg38
ABCA12_16R,CTTCTGGCACACATCCGCTG,61.6,60.0,421,0,chr2:215012031-215012050,ABCA12,16,chr2:215012020,c.2071del,NM_173076.3,hg38
ABCA12_15F,AGTGCAGAAGGGTGAGTCCG,61.8,60.0,417,0,chr2:215015519-215015538,ABCA12,15,chr2:215015644,c.1802G>A,NM_173076.3,hg38
ABCA12_15R,CCTGACCTCGTGATCCACCC,62.0,65.0,417,0,chr2:215015916-215015935,ABCA12,15,chr2:215015644,c.1802G>A,NM_173076.3,hg38
GJA8_2F,TGTGGTGGACTGCTTCGTGT,62.0,55.0,411,0,chr1:147908525-147908544,GJA8,2,chr1:147908545,c.590C>T,NM_005267.5,hg38
GJA8_2R,CCCACCTGAGCGTAGGAAGG,62.0,65.0,411,0,chr1:147908916-147908935,GJA8,2,chr1:147908545,c.590C>T,NM_005267.5,hg38
GJA8_2F,GGAAAGGAGAGGTACCCCGC,62.0,65.0,335,0,chr1:147907851-147907870,GJA8,2,chr1:147908089,c.134G>C,NM_005267.5,hg38
GJA8_2R,AGGCGAATGTGGGAGATGGG,62.0,60.0,335,0,chr1:147908166-147908185,GJA8,2,chr1:147908089,c.134G>C,NM_005267.5,hg38
LAMC2_3F,CGCAGGCGATGTGAAGTGAC,62.0,60.0,392,0,chr1:183215301-183215320,LAMC2,3,chr1:183215527,c.343C>T,NM_005562.3,hg38
LAMC2_3R,TGTTTGGCACAGGGTAGGGG,62.1,60.0,392,0,chr1:183215673-183215692,LAMC2,3,chr1:183215527,c.343C>T,NM_005562.3,hg38
FGFR3_9F,GCCCTCTAGACTCACTGGCG,62.0,65.0,352,0,chr4:1804157-1804176,FGFR3,9,chr4:1804392,c.1138G>A,NM_000142.5,hg38
FGFR3_9R,CGGGAAGCGGGAGATCTTGT,62.0,60.0,352,0,chr4:1804489-1804508,FGFR3,9,chr4:1804392,c.1138G>A,NM_000142.5,hg38
BBS4_5F,GTTTCAGCCTGTCCAAAGCCA,61.4,52.4,391,0,chr15:72715124-72715144,BBS4,5,chr15:72715410,c.332+8T>C,NM_033028.5,hg38
BBS4_5R,CCCCCACTTGTGTATCAGGCT,61.8,57.1,391,0,chr15:72715494-72715514,BBS4,5,chr15:72715410,c.332+8T>C,NM_033028.5,hg38
ATP6V0A2_19F,TCCCGGTTATCGCGCTCTTT,62.0,55.0,420,0,chr12:123756893-123756912,ATP6V0A2,19,chr12:123756949,c.2428G>A,NM_012463.4,hg38
ATP6V0A2_19R,CACGACACCACACCCAGCTA,62.1,60.0,420,0,chr12:123757293-123757312,ATP6V0A2,19,chr12:123756949,c.2428G>A,NM_012463.4,hg38
NSD1_11F,AACATTGCATGCAGTCCGCC,62.2,55.0,500,0,chr5:177248039-177248058,NSD1,11,chr5:177248326,c.4641+2T>C,NM_022455.5,hg38
NSD1_11R,TAAGGGCACGTGGTTCACCA,61.7,55.0,500,0,chr5:177248519-177248538,NSD1,11,chr5:177248326,c.4641+2T>C,NM_022455.5,hg38
LAMB3_20F,TGCCTTGCATGGTGTCCTGA,62.1,55.0,319,0,chr1:209617948-209617967,LAMB3,20,chr1:209618044,c.2914C>T,NM_000228.3,hg38
LAMB3_20R,TTGGAAACCGCCCAGAAGGT,62.0,55.0,319,0,chr1:209618247-209618266,LAMB3,20,chr1:209618044,c.2914C>T,NM_000228.3,hg38
LAMB3_4F,ATTCTGCAAGCCCACCCACT,62.1,55.0,368,0,chr1:209638266-209638285,LAMB3,4,chr1:209638591,c.241C>T,NM_000228.3,hg38
LAMB3_4R,TGCAAGTGTGACTCCAGGCA,62.0,55.0,368,0,chr1:209638614-209638633,LAMB3,4,chr1:209638591,c.241C>T,NM_000228.3,hg38
FOXD3_1F,GTTCGACAACGGCAGCTTCC,62.2,60.0,449,0,chr1:63323730-63323749,FOXD3,1,chr1:63324129,c.1072_1086dup,NM_012183.3,hg38
FOXD3_1R,CGCTTGGCTCGGACTTGATG,61.7,60.0,449,0,chr1:63324159-63324178,FOXD3,1,chr1:63324129,c.1072_1086dup,NM_012183.3,hg38
CYP27B1_8F,CCAGGCGTCTCCCCATACAG,62.0,65.0,362,0,chr12:57763643-57763662,CYP27B1,8,chr12:57763730,c.1294C>T,NM_000785.4,hg38
CYP27B1_8R,ACACTCCCCTTGACCCCTCT,62.0,60.0,362,0,chr12:57763985-57764004,CYP27B1,8,chr12:57763730,c.1294C>T,NM_000785.4,hg38
WT1_8F,TTGCAGGGGAAATGTGGGGT,62.0,55.0,472,0,chr11:32392460-32392479,WT1,8,chr11:32392737,c.1283G>A,NM_024426.6,hg38
WT1_8R,GCCCCTGAGCTCCCATTCAT,62.0,60.0,472,0,chr11:32392912-32392931,WT1,8,chr11:32392737,c.1283G>A,NM_024426.6,hg38
HEXA_1F,CAGGTCACGATAGCGCTGGA,62.0,60.0,390,0,chr15:72375760-72375779,HEXA,1,chr15:72375832,c.140del,NM_000520.6,hg38
HEXA_1R,CGTAGCAGGAGCCTCAGGTC,62.0,65.0,390,0,chr15:72376130-72376149,HEXA,1,chr15:72375832,c.140del,NM_000520.6,hg38
HEXA_1F,CAGGTCACGATAGCGCTGGA,62.0,60.0,390,0,chr15:72375760-72375779,HEXA,1,chr15:72375834,c.139C>T,NM_000520.6,hg38
HEXA_1R,CGTAGCAGGAGCCTCAGGTC,62.0,65.0,390,0,chr15:72376130-72376149,HEXA,1,chr15:72375834,c.139C>T,NM_000520.6,hg38
AIPL1_2F,ATGCACAGCGGTGGGGAATA,61.9,55.0,469,0,chr17:6433769-6433788,AIPL1,2,chr17:6434044,c.151G>T,NM_014336.5,hg38
AIPL1_2R,CCAGGGGTCTGAGGCATCTG,62.0,65.0,469,0,chr17:6434218-6434237,AIPL1,2,chr17:6434044,c.151G>T,NM_014336.5,hg38
DPYD_13F,TGCCCCTTCTTCCATGGGAC,61.9,60.0,382,0,chr1:97515545-97515564,DPYD,13,chr1:97515785,c.1681C>T,NM_000110.4,hg38
DPYD_13R,TCCGTTTCTGCCAAGCCTGA,62.1,55.0,382,0,chr1:97515907-97515926,DPYD,13,chr1:97515785,c.1681C>T,NM_000110.4,hg38
TTN_1F,AGACACACTGCTTCCTGTGCT,61.9,52.4,301,0,chr2:179605287-179605307,TTN,1,chr2:179605479,c.12476_12480del,NM_001267550.2,hg38
TTN_1R,TAGCCATTGGGACCTGCTGC,62.6,60.0,301,0,chr2:179605568-179605587,TTN,1,chr2:179605479,c.12476_12480del,NM_001267550.2,hg38
MYO6_26F,AGTCCACTATGATGACGCAGGA,61.0,50.0,368,0,chr6:75890055-75890076,MYO6,26,chr6:75890140,c.2751dup,NM_004999.4,hg38
MYO6_26R,GTAAGCCAAGATCGCGCCAC,62.0,60.0,368,0,chr6:75890403-75890422,MYO6,26,chr6:75890140,c.2751dup,NM_004999.4,hg38
RYR2_94F,AAGGAAAGGAGCTCCCCACG,61.8,60.0,437,0,chr1:237792127-237792146,RYR2,94,chr1:237792258,c.13717C>T,NM_001035.3,hg38
RYR2_94R,ACAGTAGCCCAGCTTTCCCC,61.9,60.0,437,0,chr1:237792544-237792563,RYR2,94,chr1:237792258,c.13717C>T,NM_001035.3,hg38
PKP2_4F,TCCACCATGTTGGCCAGGTT,62.0,55.0,429,0,chr12:32868718-32868737,PKP2,4,chr12:32868955,c.1142G>A,NM_001005242.3,hg38
PKP2_4R,CGCTGAGTCGTCTCTGGAGG,62.0,65.0,429,0,chr12:32869127-32869146,PKP2,4,chr12:32868955,c.1142G>A,NM_001005242.3,hg38
PKP2_3F,GGAGCTCTGATGCCAGGAGG,62.0,65.0,416,0,chr12:32877998-32878017,PKP2,3,chr12:32878346,c.533dup,NM_001005242.3,hg38
PKP2_3R,CGGAGAGGGCTCACTACACG,62.0,65.0,416,0,chr12:32878394-32878413,PKP2,3,chr12:32878346,c.533dup,NM_001005242.3,hg38
MYBPC3_13F,CATGTGGAGAGGGGCAGGAG,62.0,65.0,495,0,chr11:47343414-47343433,MYBPC3,13,chr11:47343527,c.1188G>A,NM_000256.3,hg38
MYBPC3_13R,GCCGAGGCAGGAGAATCACT,62.0,60.0,495,0,chr11:47343889-47343908,MYBPC3,13,chr11:47343527,c.1188G>A,NM_000256.3,hg38
RYR2_65F,TCTGGACAACGCTGCAGAGG,62.4,60.0,403,0,chr1:237700280-237700299,RYR2,65,chr1:237700300,c.9200A>T,NM_001035.3,hg38
RYR2_65R,TGGTCCTCTCTGTGGGTCCA,62.0,60.0,403,0,chr1:237700663-237700682,RYR2,65,chr1:237700300,c.9200A>T,NM_001035.3,hg38
